SPGTable,,,,,,
Issuer Name,MI KEY,,,,,
SPT_ISSUER_NAME,SPT_MI_KEY,,,,,
Ticker ,Entity Name ,Last Time ,Industry Classification ,Sector ,Industry ,MI KEY 
AEE,Ameren Corporation (NYSE:AEE),4:00:02 PM ET  ,Utilities; Utilities; Multi-Utilities; Multi-Utilities,Utilities,Multi-Utilities,4007308
ALL,The Allstate Corporation (NYSE:ALL),4:00:03 PM ET  ,Financials; Insurance; Insurance; Property and Casualty Insurance; Casualty; Accident Insurance; Disability Insurance; Liability Insurance; Property; Commercial Property Insurance; Personal Property Insurance; Homeowner's and Renter's Insurance; Motor Vehicle Insurance,Financials,Insurance,103247
ALLY,Ally Financial Inc. (NYSE:ALLY),4:00:03 PM ET  ,Financials; Financial Services; Consumer Finance; Consumer Finance; Personal Credit Agencies; Consumer Digital Lending; Personal Loan Services,Financials,Consumer Finance,102864
ARW,"Arrow Electronics, Inc. (NYSE:ARW)",4:00:03 PM ET  ,"Information Technology; Technology Hardware and Equipment; Electronic Equipment, Instruments and Components; Technology Distributors; Semiconductor Equipment and Product Distribution; Software Distribution; Technology Hardware and Equipment Distribution",Information Technology,"Electronic Equipment, Instruments and Components",4066994
AT,[Inactive] Alltel Corporation,,Communication Services; Telecommunication Services; Wireless Telecommunication Services; Wireless Telecommunication Services; Cellular Services; Mobile Data Services,Communication Services,Wireless Telecommunication Services,4019044
BA,The Boeing Company (NYSE:BA),4:00:02 PM ET  ,"Industrials; Capital Goods; Aerospace and Defense; Aerospace and Defense; Aerospace and Defense Maintenance and Services; Aircraft Systems, Components and Equipment; Defense Electronics; Guided Missiles and Components; Military Aircraft; Passenger and Cargo Aircraft and Airplanes; Cargo Airplanes; Commercial passenger airplanes; Spacecraft and Satellites; Satellites",Industrials,Aerospace and Defense,4004086
BBWI,"Bath & Body Works, Inc. (NYSE:BBWI)",4:00:02 PM ET  ,Consumer Discretionary; Consumer Discretionary Distribution and Retail; Online Specialty Retail; Online Household Product Retail; Online Personal Care Product Retail; Online Beauty Care Product Retail; Specialty Retail; Other Specialty Retail; Household Product Stores; Personal Care Product Stores; Beauty Care Product Stores,Consumer Discretionary,Specialty Retail,4069317
BHF,"Brighthouse Financial, Inc. (NASDAQGS:BHF)",4:00:00 PM ET  ,Financials; Insurance; Insurance; Life and Health Insurance; Life Insurance,Financials,Insurance,6588911
BLS,"[Inactive] BellSouth, LLC",,Internet Service Providers (ISP); Communication Services; Telecommunication Services; Diversified Telecommunication Services; Integrated Telecommunication Services; Calling Card Provider Services; Conferencing Services; Local Telecommunications Services; Long Distance Telecommunications Services,Communication Services,Diversified Telecommunication Services,4041154
BNY,The Bank of New York Mellon Corporation (NYSE:BNY),4:00:02 PM ET  ,Financials; Financial Services; Escrow and Fiduciary Agencies; Capital Markets; Asset Management and Custody Banks; Investment Advice,Financials,Capital Markets,100144
BPLP.L,[Inactive] Boston Properties Limited Partnership,,Real Estate; Equity Real Estate Investment Trusts (REITs); Office REITs; Office REITs,Real Estate,Office REITs,4064347
C,Citigroup Inc. (NYSE:C),4:01:54 PM ET  ,Financials; Banks; Banks; Diversified Banks; Diversified Commercial Banks,Financials,Banks,4041896
CAG,"Conagra Brands, Inc. (NYSE:CAG)",4:01:18 PM ET  ,"Consumer Staples; Food, Beverage and Tobacco; Food Products; Packaged Foods and Meats; Frozen Foods; Prepared and Preserved Foods; Snack Food; Seasonings and Preservatives; Sauces And Salad Dressings",Consumer Staples,Food Products,4101861
CARS,Cars.com Inc. (NYSE:CARS),4:00:03 PM ET  ,Media and Entertainment; Online Services; Communication Services; Interactive Media and Services; Interactive Media and Services,Communication Services,Interactive Media and Services,4206401
CHDN,Churchill Downs Incorporated (NASDAQGS:CHDN),4:00:00 PM ET  ,"Consumer Discretionary; Consumer Services; Hotels, Restaurants and Leisure; Casinos and Gaming; Casinos; Gaming Operations; Lottery, Bingo, Bookie And Other Gaming Operations; Online Gaming Operations; Racetrack Betting and Gaming Operations; Slot Machine Operators",Consumer Discretionary,"Hotels, Restaurants and Leisure",4150067
CIN,"[Inactive] Duke Energy Ohio, Inc.",,Utilities; Utilities; Electric Utilities; Electric Utilities; Electric Power Distribution; Electric Power Generation By Fossil Fuels; Electric Power Generation By Nuclear Fuels; Electric Power Transmission and Control,Utilities,Electric Utilities,4057079
CINF,Cincinnati Financial Corporation (NASDAQGS:CINF),4:00:00 PM ET  ,Financials; Insurance; Insurance; Property and Casualty Insurance; Casualty; Accident Insurance; Fire and Marine Insurance; Liability Insurance; Worker's Compensation Insurance; Property; Commercial Property Insurance; Surety Insurance; Personal Property Insurance; Homeowner's and Renter's Insurance; Motor Vehicle Insurance,Financials,Insurance,103262
CLG,[Inactive] Colonial Gas Company,,Utilities; Utilities; Gas Utilities; Gas Utilities; Oil and Gas Distribution,Utilities,Gas Utilities,4057114
CNP,"CenterPoint Energy, Inc. (NYSE:CNP)",4:00:02 PM ET  ,Utilities; Utilities; Multi-Utilities; Multi-Utilities,Utilities,Multi-Utilities,4074390
CRBG,"Corebridge Financial, Inc. (NYSE:CRBG)",4:00:02 PM ET  ,Financials; Financial Services; Financial Services; Diversified Financial Services,Financials,Financial Services,102701
CSR,[Inactive] AEP Texas Inc.,,Utilities; Utilities; Electric Utilities; Electric Utilities; Electric Power Distribution; Electric Power Transmission and Control,Utilities,Electric Utilities,4056935
CSX,CSX Corporation (NASDAQGS:CSX),4:00:00 PM ET  ,Industrials; Transportation; Ground Transportation; Rail Transportation; Railroad Transportation of Freight,Industrials,Ground Transportation,4004350
D,"Dominion Energy, Inc. (NYSE:D)",4:00:03 PM ET  ,Utilities; Utilities; Multi-Utilities; Multi-Utilities,Utilities,Multi-Utilities,4001616
D,[Inactive] Virginia Electric and Power Company,,Utilities; Utilities; Electric Utilities; Electric Utilities; Electric Power Distribution; Electric Power Generation By Fossil Fuels; Electric Power Generation By Nuclear Fuels; Electric Power Transmission and Control,Utilities,Electric Utilities,4057032
DFS,[Inactive] Discover Financial Services,,Financials; Financial Services; Consumer Finance; Consumer Finance; Personal Credit Agencies; Credit Card Issuing Personal Credit Institutions,Financials,Consumer Finance,4096334
DOV,Dover Corporation (NYSE:DOV),4:00:03 PM ET  ,"Industrials; Capital Goods; Machinery; Industrial Machinery and Supplies and Components; Food and Beverage Machinery; Industrial Heating, Ventilation, Air Conditioning, and Refrigeration Equipment and Supplies; Industrial Heat Generating Equipment; Industrial Refrigeration Equipment and Supplies; Pumps and Pumping Equipment",Industrials,Machinery,4068060
DUK,Duke Energy Corporation (NYSE:DUK),4:04:34 PM ET  ,Utilities; Utilities; Electric Utilities; Electric Utilities; Electric Power Distribution; Electric Power Generation By Fossil Fuels; Electric Power Generation By Nuclear Fuels; Electric Power Transmission and Control,Utilities,Electric Utilities,4121470
DZA,"[Inactive] Delhaize America, Inc.",,Consumer Staples; Consumer Staples Distribution and Retail; Consumer Staples Distribution and Retail; Food Retail; Grocery Stores; Full Stock Supermarkets,Consumer Staples,Consumer Staples Distribution and Retail,4054848
EFX,Equifax Inc. (NYSE:EFX),4:00:02 PM ET  ,Industrials; Commercial and Professional Services; Professional Services; Research and Consulting Services; Consulting Services; Credit Reporting Services,Industrials,Professional Services,4040823
EJXR,"[Inactive] EnerJex Resources, Inc. (OTCPK:EJXR)",,"Energy; Energy; Oil, Gas and Consumable Fuels; Oil and Gas Exploration and Production; Oil and Gas Production",Energy,"Oil, Gas and Consumable Fuels",4979833
EPR,EPR Properties (NYSE:EPR),4:00:02 PM ET  ,Real Estate; Equity Real Estate Investment Trusts (REITs); Other Specialized REITs; Specialized REITs,Real Estate,Specialized REITs,113645
EXC,Exelon Corporation (NASDAQGS:EXC),4:00:00 PM ET  ,Utilities; Utilities; Electric Utilities; Electric Utilities; Electric Power Distribution; Electric Power Transmission and Control,Utilities,Electric Utilities,4057056
EXSP,[Inactive] Extra Space Storage LP,,Financials; Financial Services; Capital Markets; Asset Management and Custody Banks,Financials,Capital Markets,4383065
F,Ford Motor Company (NYSE:F),4:01:25 PM ET  ,Consumer Discretionary; Automobiles and Components; Automobiles; Automobile Manufacturers; Light Truck and Sport Utility Vehicles (SUVs); Passenger Motor Vehicles,Consumer Discretionary,Automobiles,113873
FIID,"[Inactive] First Industrial, L.P.",,Real Estate; Equity Real Estate Investment Trusts (REITs); Industrial REITs; Industrial REITs,Real Estate,Industrial REITs,4064354
FOSL,"Fossil Group, Inc. (NASDAQGS:FOSL)",4:00:00 PM ET  ,"Consumer Discretionary; Consumer Durables and Apparel; Textiles, Apparel and Luxury Goods; Apparel, Accessories and Luxury Goods; Accessories; Belts and Suspenders; Leather Belts; Jewelry, Timepieces and Gemstone Products; Jewelry; Timepieces; Watches; Luggage and Handbags; Purses, Handbags and Bags",Consumer Discretionary,"Textiles, Apparel and Luxury Goods",4275565
FTV,Fortive Corporation (NYSE:FTV),4:00:02 PM ET  ,Industrials; Capital Goods; Machinery; Industrial Machinery and Supplies and Components,Industrials,Machinery,4992262
FUN,Six Flags Entertainment Corporation (NYSE:FUN),4:00:03 PM ET  ,"Consumer Discretionary; Consumer Services; Hotels, Restaurants and Leisure; Leisure Facilities; Amusement And Recreation Services; Amusement Operations, Parks and Services; Amusement Parks",Consumer Discretionary,"Hotels, Restaurants and Leisure",4121677
GEHC,GE HealthCare Technologies Inc. (NASDAQGS:GEHC),4:00:00 PM ET  ,"Health Care; Health Care Equipment and Services; Health Care Equipment and Supplies; Health Care Equipment; Medical Equipment; Anesthesia Equipment, Instruments and Accessories; Respiration Systems; Medical Testing, Analyzing, and Diagnostic Equipment; Electrocardiographs (ECGs); Radiology Equipment; CT and Cat Scanners; X-Ray Apparatus and Magnetic Resonance Imaging (MRI); Ultrasound and Sonogram Equipment; Therapeutic Devices; Cardiovascular Equipment",Health Care,Health Care Equipment and Supplies,108009705
GLW,Corning Incorporated (NYSE:GLW),4:01:09 PM ET  ,"Information Technology; Technology Hardware and Equipment; Electronic Equipment, Instruments and Components; Electronic Components; Electronic Components",Information Technology,"Electronic Equipment, Instruments and Components",4004201
GPN,Global Payments Inc. (NYSE:GPN),4:00:02 PM ET  ,Financials; Financial Services; Financial Services; Internet Merchant Services; Payment Processors; Payment Service Providers and Gateways; Transaction and Payment Processing Services,Financials,Financial Services,4090258
GS,"The Goldman Sachs Group, Inc. (NYSE:GS)",4:00:02 PM ET  ,Financials; Financial Services; Capital Markets; Investment Banking and Brokerage; Investment Banking; Merger and Acquisition Advisory Services; Security Underwriting Services; Debt Underwriting Services; Equity Underwriting Services,Financials,Capital Markets,4039450
HAS,"Hasbro, Inc. (NASDAQGS:HAS)",4:00:00 PM ET  ,"Consumer Discretionary; Consumer Durables and Apparel; Leisure Products; Leisure Products; Sporting and Recreational Goods; Hobbies, Toys and Games; Dolls and Stuffed Toys; Games and Toys; Board Games",Consumer Discretionary,Leisure Products,4095387
HHH,Howard Hughes Holdings Inc. (NYSE:HHH),4:00:03 PM ET  ,Real Estate; Real Estate Management and Development; Real Estate Development; Real Estate Management and Development,Real Estate,Real Estate Management and Development,4265772
HPQ,HP Inc. (NYSE:HPQ),4:00:02 PM ET  ,"Information Technology; Technology Hardware and Equipment; Technology Hardware, Storage and Peripherals; Technology Hardware, Storage and Peripherals; Data Storage; Personal Computers And Accessories; Desktop Computers; Laptop Computers; Monitors; Printers; Servers",Information Technology,"Technology Hardware, Storage and Peripherals",105223
ITC,[Inactive] ITC Holdings Corp.,,Utilities; Utilities; Electric Utilities; Electric Utilities; Electric Power Transmission and Control,Utilities,Electric Utilities,4099990
JEF,Jefferies Financial Group Inc. (NYSE:JEF),4:04:30 PM ET  ,Financials; Financial Services; Capital Markets; Investment Banking and Brokerage; Investment Banking; Loan Syndication Services; Merger and Acquisition Advisory Services; Private Placement Advisory Services; Security Underwriting Services; Debt Underwriting Services; Equity Underwriting Services; Securities and Commodities Markets Services; Security Brokers and Dealers,Financials,Capital Markets,103464
KD,"Kyndryl Holdings, Inc. (NYSE:KD)",4:00:02 PM ET  ,Information Technology; Software and Services; IT Services; IT Consulting and Other Services; Information Technology (IT) Consulting,Information Technology,IT Services,29724772
KDP,Keurig Dr Pepper Inc. (NASDAQGS:KDP),4:00:00 PM ET  ,"Consumer Staples; Food, Beverage and Tobacco; Beverages; Soft Drinks and Non-alcoholic Beverages; Bottled Water; Non-Carbonated Drinks",Consumer Staples,Beverages,4547508
KR,The Kroger Co. (NYSE:KR),4:00:02 PM ET  ,Online Food Retail; Online Grocery Retail; Consumer Staples; Consumer Staples Distribution and Retail; Consumer Staples Distribution and Retail; Food Retail; Grocery Stores; Full Stock Supermarkets,Consumer Staples,Consumer Staples Distribution and Retail,4004136
KSS,Kohl's Corporation (NYSE:KSS),4:02:51 PM ET  ,Consumer Discretionary; Consumer Discretionary Distribution and Retail; Online Broadline Retail; Online Department Store Retail; Broadline Retail; Department Stores; Broadline Retail,Consumer Discretionary,Broadline Retail,4120239
KSU,[Inactive] Kansas City Southern,,Industrials; Transportation; Ground Transportation; Rail Transportation; Railroad Transportation of Freight,Industrials,Ground Transportation,4219466
LGIH,"LGI Homes, Inc. (NASDAQGS:LGIH)",4:00:00 PM ET  ,"Consumer Discretionary; Consumer Durables and Apparel; Household Durables; Homebuilding; Residential Construction, General Contractors and Operative Builders",Consumer Discretionary,Household Durables,4398514
LOW,"Lowe's Companies, Inc. (NYSE:LOW)",4:01:07 PM ET  ,"Consumer Discretionary; Consumer Discretionary Distribution and Retail; Online Appliance Retail; Online Building Product and Home Supply Retail; Online Lawn and Garden Supply Retail; Specialty Retail; Home Improvement Retail; Building Product and Home Supply Stores; Hardware Stores; Paint, Glass and Wallpaper Stores; Lawn and Garden Supply Stores",Consumer Discretionary,Specialty Retail,4004318
LUV,Southwest Airlines Co. (NYSE:LUV),4:00:02 PM ET  ,Industrials; Transportation; Passenger Airlines; Passenger Airlines; Commercial Airlines,Industrials,Passenger Airlines,4121199
M,"Macy's, Inc. (NYSE:M)",4:00:03 PM ET  ,Consumer Discretionary; Consumer Discretionary Distribution and Retail; Online Broadline Retail; Online Department Store Retail; Broadline Retail; Department Stores; Broadline Retail,Consumer Discretionary,Broadline Retail,4004104
MAIN,Main Street Capital Corporation (NYSE:MAIN),4:00:02 PM ET  ,Financials; Financial Services; Capital Markets; Asset Management and Custody Banks; Investment Company and Business Development Companies; Business Development Company,Financials,Capital Markets,4160255
MAY,[Inactive] May Department Stores Co.,,Consumer Discretionary; Consumer Discretionary Distribution and Retail; Broadline Retail; Department Stores; Broadline Retail,Consumer Discretionary,Broadline Retail,4001582
MBG,"[Inactive] Mandalay Resort Group, LLC",,"Consumer Discretionary; Consumer Services; Hotels, Restaurants and Leisure; Hotels, Resorts and Cruise Lines; Lodging; Hotels And Motels; Hotels; Resorts",Consumer Discretionary,"Hotels, Restaurants and Leisure",4107947
MCD,McDonald's Corporation (NYSE:MCD),4:00:02 PM ET  ,"Consumer Discretionary; Consumer Services; Hotels, Restaurants and Leisure; Restaurants; Limited Service Restaurants; Fast-Food Restaurants",Consumer Discretionary,"Hotels, Restaurants and Leisure",4095638
MMM,3M Company (NYSE:MMM),4:03:20 PM ET  ,Industrials; Capital Goods; Industrial Conglomerates; Industrial Conglomerates,Industrials,Industrial Conglomerates,105135
MO,"Altria Group, Inc. (NYSE:MO)",4:02:41 PM ET  ,"Consumer Staples; Food, Beverage and Tobacco; Tobacco; Tobacco; Chewing, Pipe Tobacco And Snuff; Cigarettes; Cigars",Consumer Staples,Tobacco,4087349
MOG.A,Moog Inc. (NYSE:MOG.A),4:00:02 PM ET  ,"Industrials; Capital Goods; Aerospace and Defense; Aerospace and Defense; Aerospace and Defense Maintenance and Services; Aircraft Systems, Components and Equipment; Defense Electronics; Guided Missiles and Components; Rockets and Subsystems; Spacecraft and Satellites; Spacecrafts, Space Structures and Components",Industrials,Aerospace and Defense,4016692
MSCI,MSCI Inc. (NYSE:MSCI),4:00:02 PM ET  ,Financials; Financial Services; Capital Markets; Financial Exchanges and Data; Security and Commodity Exchanges,Financials,Capital Markets,4167462
MSI,"Motorola Solutions, Inc. (NYSE:MSI)",4:00:02 PM ET  ,Information Technology; Technology Hardware and Equipment; Communications Equipment; Communications Equipment; Networking Equipment; Telephone and Telecommunications Equipment; Telecommunications Equipment,Information Technology,Communications Equipment,4280272
MTZ,"MasTec, Inc. (NYSE:MTZ)",4:00:02 PM ET  ,"Industrials; Capital Goods; Construction and Engineering; Construction and Engineering; Construction Support Services; Engineering and Surveying Services; Engineering Services; Heavy Construction; Nonbuilding Structures Construction; Power and Communication Transmission Lines; Water, Sewer and Pipeline Construction; Specialty Contract Work",Industrials,Construction and Engineering,4385530
NAVI,Navient Corporation (NASDAQGS:NAVI),4:00:00 PM ET  ,Financials; Financial Services; Consumer Finance; Consumer Finance; Personal Credit Agencies; Personal Loan Services; Student Loans,Financials,Consumer Finance,102896
NHI,"National Health Investors, Inc. (NYSE:NHI)",4:00:02 PM ET  ,Real Estate; Equity Real Estate Investment Trusts (REITs); Health Care REITs; Health Care REITs,Real Estate,Health Care REITs,102983
NOC,Northrop Grumman Corporation (NYSE:NOC),4:00:02 PM ET  ,"Industrials; Capital Goods; Aerospace and Defense; Aerospace and Defense; Aerospace and Defense Maintenance and Services; Aircraft Systems, Components and Equipment; Defense Electronics; Command, Control and Communication Equipment; Electronic Warfare Systems; Infrared Sensors; Guided Missiles and Components; Military Aircraft; Rockets and Subsystems; Spacecraft and Satellites; Spacecrafts, Space Structures and Components",Industrials,Aerospace and Defense,4069910
NSC,Norfolk Southern Corporation (NYSE:NSC),4:00:02 PM ET  ,Industrials; Transportation; Ground Transportation; Rail Transportation; Railroad Transportation of Freight; Railroad Transportation of Passengers; Commuter Rail Systems,Industrials,Ground Transportation,4021829
NSRT,[Inactive] Norfolk Southern Railway Company,,Industrials; Transportation; Ground Transportation; Rail Transportation; Railroad Transportation of Freight,Industrials,Ground Transportation,4073968
NWL,Newell Brands Inc. (NASDAQGS:NWL),4:00:00 PM ET  ,Consumer Discretionary; Consumer Durables and Apparel; Household Durables; Housewares and Specialties; Kitchen Housewares; Bakeware; Cookware; Cutlery; Glass and Glassware,Consumer Discretionary,Household Durables,4066321
OC,Owens Corning (NYSE:OC),4:00:02 PM ET  ,"Industrials; Capital Goods; Building Products; Building Products; Roofing, Siding, and Insulation Materials; Asphalt Paving and Roofing Materials; Shingles and Shake Siding Materials; Windows and Doors",Industrials,Building Products,4014547
ORCL,Oracle Corporation (NYSE:ORCL),4:05:12 PM ET  ,Information Technology; Software and Services; Software; Systems Software; Development Tools; Operating System Software,Information Technology,Software,4041363
PATK,"Patrick Industries, Inc. (NASDAQGS:PATK)",4:00:00 PM ET  ,Consumer Discretionary; Automobiles and Components; Automobile Components; Automotive Parts and Equipment,Consumer Discretionary,Automobile Components,4987464
PCG,[Inactive] Pacific Gas and Electric Company,,Utilities; Utilities; Electric Utilities; Electric Utilities; Electric Power Generation By Fossil Fuels; Electric Power Generation By Nuclear Fuels,Utilities,Electric Utilities,4004218
PGS,"[Inactive] Public Service Company of North Carolina, Incorporated",,Utilities; Utilities; Gas Utilities; Gas Utilities; Oil and Gas Distribution,Utilities,Gas Utilities,4057139
PII,Polaris Inc. (NYSE:PII),4:00:02 PM ET  ,Consumer Discretionary; Consumer Durables and Apparel; Leisure Products; Leisure Products,Consumer Discretionary,Leisure Products,6331267
PPW,[Inactive] PacifiCorp,,Utilities; Utilities; Electric Utilities; Electric Utilities; Electric Power Distribution; Electric Power Generation By Fossil Fuels; Electric Power Transmission and Control,Utilities,Electric Utilities,4001587
PSIE,"[Inactive] Duke Energy Indiana, LLC",,Utilities; Utilities; Electric Utilities; Electric Utilities; Electric Power Distribution; Electric Power Generation By Fossil Fuels; Electric Power Generation By Nuclear Fuels; Electric Power Transmission and Control,Utilities,Electric Utilities,4062444
RCL,Royal Caribbean Cruises Ltd. (NYSE:RCL),4:00:02 PM ET  ,"Consumer Discretionary; Consumer Services; Hotels, Restaurants and Leisure; Hotels, Resorts and Cruise Lines; Lodging; Cruise Ships",Consumer Discretionary,"Hotels, Restaurants and Leisure",4980858
RITM,Rithm Capital Corp. (NYSE:RITM),4:00:03 PM ET  ,Financials; Financial Services; Mortgage Real Estate Investment Trusts (REITs); Mortgage REITs,Financials,Mortgage Real Estate Investment Trusts (REITs),4347089
RTN,[Inactive] Raytheon Company,,"Industrials; Capital Goods; Aerospace and Defense; Aerospace and Defense; Aerospace and Defense Maintenance and Services; Aircraft Systems, Components and Equipment; Aerospace Location, Navigation, and Guidance Systems; Conventional Weapons; Defense Electronics; Command, Control and Communication Equipment; Electronic Warfare Systems; Infrared Sensors",Industrials,Aerospace and Defense,4020418
RTX,RTX Corporation (NYSE:RTX),4:00:03 PM ET  ,"Industrials; Capital Goods; Aerospace and Defense; Aerospace and Defense; Aerospace and Defense Maintenance and Services; Aerospace Transportation Support Systems; Flight Simulators; Aircraft Systems, Components and Equipment; Aircraft Engines and Engine Parts; Defense Electronics; Command, Control and Communication Equipment; Infrared Sensors",Industrials,Aerospace and Defense,4001600
SAIC,Science Applications International Corporation (NASDAQGS:SAIC),4:00:00 PM ET  ,Industrials; Commercial and Professional Services; Professional Services; Research and Consulting Services,Industrials,Professional Services,4070675
SCHW,The Charles Schwab Corporation (NYSE:SCHW),4:00:02 PM ET  ,Financials; Financial Services; Capital Markets; Investment Banking and Brokerage; Securities and Commodities Markets Services; Security Brokers and Dealers; Online Security Brokers and Dealers; Online Trading Systems,Financials,Capital Markets,102775
SWX,"Southwest Gas Holdings, Inc. (NYSE:SWX)",4:00:02 PM ET  ,Utilities; Utilities; Gas Utilities; Gas Utilities; Oil and Gas Distribution; Natural Gas Transmission,Utilities,Gas Utilities,4884928
SYY,Sysco Corporation (NYSE:SYY),4:00:02 PM ET  ,Consumer Staples; Consumer Staples Distribution and Retail; Consumer Staples Distribution and Retail; Food Distributors; Beverage Distribution; Food Distribution; Groceries and Related Product Distribution,Consumer Staples,Consumer Staples Distribution and Retail,4064204
TNET,"TriNet Group, Inc. (NYSE:TNET)",4:00:03 PM ET  ,Industrials; Commercial and Professional Services; Professional Services; Human Resource and Employment Services; Human Resources and Personnel Management; Payroll Services,Industrials,Professional Services,4228223
TTC,The Toro Company (NYSE:TTC),4:00:02 PM ET  ,Industrials; Capital Goods; Machinery; Agricultural and Farm Machinery; Agricultural Machinery and Equipment; Farming Machinery and Equipment,Industrials,Machinery,4107956
TWC,[Inactive] Time Warner Cable Inc.,,Media and Entertainment; Media; Cable and Satellite; Cable And Other Pay Television; Cable Broadcasting; Digital Cable Television; Communication Services,Communication Services,Media,4146010
TWX,"[Inactive] Warner Media, LLC",,Media and Entertainment; Movies and Entertainment; Entertainment Production Companies; Animation Production; Motion Picture and Video Production Companies; Television Production Companies; Entertainment Services; Motion Picture Distribution And Allied Services; Motion Picture And Video Tape Distribution; Communication Services; Entertainment,Communication Services,Entertainment,4120680
UNM,Unum Group (NYSE:UNM),4:00:02 PM ET  ,Financials; Insurance; Insurance; Life and Health Insurance; Health and Medical Insurance; Life Insurance,Financials,Insurance,103324
VSAT,"Viasat, Inc. (NASDAQGS:VSAT)",4:00:00 PM ET  ,Information Technology; Technology Hardware and Equipment; Communications Equipment; Communications Equipment; Networking Equipment; Satellite and Microwave Equipment; Telephone and Telecommunications Equipment; Telecommunications Equipment; Modems,Information Technology,Communications Equipment,4242781
VYX,NCR Voyix Corporation (NYSE:VYX),4:00:02 PM ET  ,Information Technology; Software and Services; Application Hosting Services; Application Service Providers (ASPs); Software; Application Software; Enterprise Software; Industry Specific Software; Financial Services Software; Application Software for Banking Industry; Restaurant Industry Software; Retail Industry Software; Office and Home Productivity Software,Information Technology,Software,4019364
VZ,Verizon Communications Inc. (NYSE:VZ),4:00:02 PM ET  ,Communication Services; Telecommunication Services; Diversified Telecommunication Services; Integrated Telecommunication Services; Conferencing Services; Video Conferencing,Communication Services,Diversified Telecommunication Services,4057229
WFC,Wells Fargo & Company (NYSE:WFC),4:01:12 PM ET  ,Financials; Banks; Banks; Diversified Banks; Diversified Commercial Banks,Financials,Banks,100382
WY,Weyerhaeuser Company (NYSE:WY),4:00:03 PM ET  ,Real Estate; Equity Real Estate Investment Trusts (REITs); Specialized REITs; Timber REITs,Real Estate,Specialized REITs,4006248
-,Federal Realty OP LP,,Real Estate; Equity Real Estate Investment Trusts (REITs); Retail REITs; Retail REITs,Real Estate,Retail REITs,101479324
-,"Constellation Energy Generation, LLC",,Utilities; Utilities; Independent Power and Renewable Electricity Producers; Renewable Electricity; Electric Power By Solar Energy; Electric Power By Wind Energy; Hydroelectric Power Generation,Utilities,Independent Power and Renewable Electricity Producers,105573768
-,Wells Fargo Finance LLC,,Financials; Financial Services; Capital Markets; Investment Banking and Brokerage,Financials,Capital Markets,10595608
-,Alcoa Nederland Holding B.V,,Financials; Financial Services; Capital Markets; Asset Management and Custody Banks,Financials,Capital Markets,20065917
-,Blue Owl Finance LLC,,Financials; Financial Services; Capital Markets; Asset Management and Custody Banks,Financials,Capital Markets,29164958
-,"Discovery Global Holdings, Inc.",,Media and Entertainment; Movies and Entertainment; Entertainment Production Companies; Motion Picture and Video Production Companies; Television Production Companies; Communication Services; Entertainment,Communication Services,Entertainment,29181597
-,Tampa Electric Company,,Utilities; Utilities; Electric Utilities; Electric Utilities; Electric Power Distribution; Electric Power Generation By Fossil Fuels; Electric Power Transmission and Control,Utilities,Electric Utilities,3010781
-,"BellSouth Telecommunications, LLC",,Communication Services; Telecommunication Services; Diversified Telecommunication Services; Integrated Telecommunication Services; Local Telecommunications Services; Long Distance Telecommunications Services,Communication Services,Diversified Telecommunication Services,4004438
-,Southern California Edison Company,,Utilities; Utilities; Electric Utilities; Electric Utilities,Utilities,Electric Utilities,4009083
-,The Dayton Power and Light Company,,Utilities; Utilities; Electric Utilities; Electric Utilities; Electric Power Distribution; Electric Power Transmission and Control,Utilities,Electric Utilities,4017451
-,Southwest Gas Corporation,,Utilities; Utilities; Gas Utilities; Gas Utilities; Oil and Gas Distribution; Natural Gas Transmission,Utilities,Gas Utilities,4041957
-,Dell Inc.,,"Information Technology; Technology Hardware and Equipment; Technology Hardware, Storage and Peripherals; Technology Hardware, Storage and Peripherals; Computer Components",Information Technology,"Technology Hardware, Storage and Peripherals",4047867
-,First Maryland Capital II,,Financials; Banks; Banks; Regional Banks,Financials,Banks,4049746
-,"System Energy Resources, Inc.",,Utilities; Utilities; Electric Utilities; Electric Utilities; Electric Power Generation By Nuclear Fuels,Utilities,Electric Utilities,4056971
-,Appalachian Power Company,,Utilities; Utilities; Electric Utilities; Electric Utilities; Electric Power Distribution; Electric Power Generation By Fossil Fuels; Electric Power Transmission and Control,Utilities,Electric Utilities,4056972
-,"Duke Energy Florida, LLC",,Utilities; Utilities; Electric Utilities; Electric Utilities; Electric Power Distribution; Electric Power Generation By Fossil Fuels; Electric Power Generation By Nuclear Fuels; Electric Power Transmission and Control,Utilities,Electric Utilities,4056998
-,Jersey Central Power & Light Company,,Utilities; Utilities; Electric Utilities; Electric Utilities; Electric Power Distribution; Electric Power Transmission and Control,Utilities,Electric Utilities,4057004
-,Public Service Company of Oklahoma,,Utilities; Utilities; Electric Utilities; Electric Utilities; Electric Power Distribution; Electric Power Transmission and Control,Utilities,Electric Utilities,4057023
-,"Duke Energy Kentucky, Inc.",,Utilities; Utilities; Electric Utilities; Electric Utilities; Electric Power Distribution; Electric Power Generation By Fossil Fuels; Electric Power Transmission and Control,Utilities,Electric Utilities,4057103
-,Boston Gas Company,,Utilities; Utilities; Gas Utilities; Gas Utilities; Oil and Gas Distribution; Natural Gas Transmission,Utilities,Gas Utilities,4057111
-,"Indiana Gas Company, Inc.",,Utilities; Utilities; Gas Utilities; Gas Utilities; Oil and Gas Distribution; Natural Gas Transmission,Utilities,Gas Utilities,4057125
-,CenterPoint Energy Resources Corp.,,Utilities; Utilities; Gas Utilities; Gas Utilities; Oil and Gas Distribution; Natural Gas Transmission,Utilities,Gas Utilities,4057141
-,"Texas Gas Transmission, LLC",,"Energy; Energy; Oil, Gas and Consumable Fuels; Oil and Gas Storage and Transportation; Natural Gas Pipelines",Energy,"Oil, Gas and Consumable Fuels",4057167
-,"Indiana Bell Telephone Company, Incorporated",,Communication Services; Telecommunication Services; Diversified Telecommunication Services; Integrated Telecommunication Services; Conferencing Services; Video Conferencing; Facsimile Transmission Services; Local Telecommunications Services; Long Distance Telecommunications Services,Communication Services,Diversified Telecommunication Services,4057194
-,Pacific Bell Telephone Company,,Communication Services; Telecommunication Services; Diversified Telecommunication Services; Integrated Telecommunication Services,Communication Services,Diversified Telecommunication Services,4057208
-,Qwest Corporation,,Communication Services; Telecommunication Services; Diversified Telecommunication Services; Alternative Carriers; Broadband Telecommunications Services; Digital Telecommunications Services; Integrated Services Digital Network Services (ISDN); Point to Point Digital Telecommunications Services,Communication Services,Diversified Telecommunication Services,4057217
-,Verizon Maryland Inc.,,Communication Services; Telecommunication Services; Diversified Telecommunication Services; Integrated Telecommunication Services; Local Telecommunications Services; Telephone Answering Services,Communication Services,Diversified Telecommunication Services,4057233
-,[Inactive] Verizon New England Inc.,,Communication Services; Telecommunication Services; Diversified Telecommunication Services; Integrated Telecommunication Services,Communication Services,Diversified Telecommunication Services,4057234
-,Verizon New Jersey Inc.,,Communication Services; Telecommunication Services; Diversified Telecommunication Services; Integrated Telecommunication Services; Local Telecommunications Services; Long Distance Telecommunications Services,Communication Services,Diversified Telecommunication Services,4057235
-,Verizon New York Inc.,,Internet Service Providers (ISP); Communication Services; Telecommunication Services; Diversified Telecommunication Services; Integrated Telecommunication Services; Local Telecommunications Services; Long Distance Telecommunications Services,Communication Services,Diversified Telecommunication Services,4057236
-,Verizon Virginia LLC,,Communication Services; Telecommunication Services; Diversified Telecommunication Services; Integrated Telecommunication Services; Local Telecommunications Services,Communication Services,Diversified Telecommunication Services,4057242
-,"Wisconsin Bell, Inc.",,Communication Services; Telecommunication Services; Diversified Telecommunication Services; Integrated Telecommunication Services; Local Telecommunications Services,Communication Services,Diversified Telecommunication Services,4057247
-,Connecticut Natural Gas Corporation,,Utilities; Utilities; Gas Utilities; Gas Utilities; Oil and Gas Distribution,Utilities,Gas Utilities,4059402
-,"NextEra Energy Capital Holdings, Inc.",,Utilities; Utilities; Independent Power and Renewable Electricity Producers; Renewable Electricity; Electric Power By Solar Energy; Electric Power By Wind Energy,Utilities,Independent Power and Renewable Electricity Producers,4065678
-,"Time Warner Cable Enterprises, LLC",,Media and Entertainment; Media; Cable and Satellite; Communication Services,Communication Services,Media,4071273
-,"Talen Energy Supply, LLC",,Utilities; Utilities; Electric Utilities; Electric Utilities; Electric Power Generation By Fossil Fuels,Utilities,Electric Utilities,4073447
-,"MidAmerican Funding, LLC",,Utilities; Utilities; Electric Utilities; Electric Utilities; Electric Power Distribution; Electric Power Generation By Fossil Fuels; Electric Power Generation By Nuclear Fuels; Electric Power Transmission and Control,Utilities,Electric Utilities,4081927
-,"iHeartCommunications, Inc.",,Media and Entertainment; Media; Broadcasting; Radio; Radio Broadcasting Stations; Radio Content and Programming; Radio Networks; Communication Services,Communication Services,Media,4095086
-,"Qwest Capital Funding, Inc.",,Communication Services; Telecommunication Services; Diversified Telecommunication Services; Integrated Telecommunication Services,Communication Services,Diversified Telecommunication Services,4136576
-,"Charter Communications Operating, LLC",,Media and Entertainment; Media; Cable and Satellite; Cable And Other Pay Television; Cable and Other Pay Television Content and Programming; Digital Cable Television; Communication Services,Communication Services,Media,4137131
-,Ameritech Capital Funding Corporation,,Communication Services; Telecommunication Services; Diversified Telecommunication Services; Integrated Telecommunication Services,Communication Services,Diversified Telecommunication Services,4150236
-,Ford Holdings LLC,,Financials; Financial Services; Consumer Finance; Consumer Finance,Financials,Consumer Finance,4171731
-,"Discovery Communications, LLC",,Media and Entertainment; Media; Broadcasting; Television; Television Broadcasting Stations; Communication Services,Communication Services,Media,4200085
-,Ladder Capital Finance Holdings LLLP,,Financials; Commercial and Residential Mortgage Finance; Mortgage Bankers and Loan Correspondents; Financial Services; Financial Services,Financials,Financial Services,4237798
-,"Pipeline Funding Company, LLC",,Financials; Financial Services; Financial Services; Specialized Finance,Financials,Financial Services,4243759
-,Yorkshire Power Finance Limited,,Financials; Financial Services; Financial Services; Specialized Finance,Financials,Financial Services,4279540
-,Northrop Grumman Systems Corporation,,Industrials; Capital Goods; Aerospace and Defense; Aerospace and Defense; Aerospace and Defense Maintenance and Services,Industrials,Aerospace and Defense,4312710
-,"AEP Transmission Company, LLC",,Utilities; Utilities; Electric Utilities; Electric Utilities; Electric Power Transmission and Control,Utilities,Electric Utilities,4341449
-,"Healthcare Realty Holdings, L.P.",,Real Estate; Equity Real Estate Investment Trusts (REITs); Health Care REITs; Health Care REITs,Real Estate,Health Care REITs,4345132
-,Verizon Pennsylvania LLC,,Communication Services; Telecommunication Services; Diversified Telecommunication Services; Integrated Telecommunication Services; Local Telecommunications Services,Communication Services,Diversified Telecommunication Services,4381427
-,"American Homes 4 Rent, L.P.",,Real Estate; Equity Real Estate Investment Trusts (REITs); Residential REITs; Single-Family Residential REITs,Real Estate,Residential REITs,4413987
-,"Global Medical Response, Inc.",,Ambulance Services; Health Care; Health Care Equipment and Services; Health Care Providers and Services; Health Care Services,Health Care,Health Care Providers and Services,4581397
-,"Care Capital Properties, LP",,Health Care; Health Care Equipment and Services; Health Care Providers and Services; Health Care Facilities,Health Care,Health Care Providers and Services,4587510
-,MGM Growth Properties Operating Partnership LP,,Real Estate; Equity Real Estate Investment Trusts (REITs); Hotel and Resort REITs; Hotel and Resort REITs,Real Estate,Hotel and Resort REITs,4674780
-,Invitation Homes Operating Partnership LP,,Real Estate; Equity Real Estate Investment Trusts (REITs); Residential REITs; Single-Family Residential REITs,Real Estate,Residential REITs,4887375
-,Dell International L.L.C.,,"Information Technology; Technology Hardware and Equipment; Technology Hardware, Storage and Peripherals; Technology Hardware, Storage and Peripherals; Data Storage; Personal Computers And Accessories; Desktop Computers; Laptop Computers; Monitors; Multimedia Devices; Servers",Information Technology,"Technology Hardware, Storage and Peripherals",5067632
-,"Brighthouse Holdings, LLC",,Financials; Insurance; Insurance; Life and Health Insurance; Life Insurance,Financials,Insurance,6592953
-,USF&G Capital III,,Financials; Insurance; Insurance; Property and Casualty Insurance,Financials,Insurance,7381986
