Ticker ,Entity Name ,Last Time ,Industry Classification ,Sector ,Industry ,Total Transcript Level Score (Net Positivity|CQ12020) ,Total Transcript Level Score (Net Positivity|CQ42020) ,Total Transcript Level Score (Net Positivity|CQ32020) ,Total Transcript Level Score (Net Positivity|CQ22020) ,Total Transcript Level Score (Net Positivity|CQ32021) ,Total Transcript Level Score (Net Positivity|CQ22021) ,Total Transcript Level Score (Net Positivity|CQ12021) ,Total Transcript Level Score (Net Positivity|CQ12024) ,Total Transcript Level Score (Net Positivity|CQ42023) ,Total Transcript Level Score (Net Positivity|CQ32023) ,Total Transcript Level Score (Net Positivity|CQ22023) ,Total Transcript Level Score (Net Positivity|CQ12023) ,Total Transcript Level Score (Net Positivity|CQ42022) ,Total Transcript Level Score (Net Positivity|CQ32022) ,Total Transcript Level Score (Net Positivity|CQ22022) ,Total Transcript Level Score (Net Positivity|CQ12022) ,Total Transcript Level Score (Net Positivity|CQ42021) ,Total Transcript Level Score (Net Positivity|CQ32025) ,Total Transcript Level Score (Net Positivity|CQ22025) ,Total Transcript Level Score (Net Positivity|CQ12025) ,Total Transcript Level Score (Net Positivity|CQ42024) ,Total Transcript Level Score (Net Positivity|CQ32024) ,Total Transcript Level Score (Net Positivity|CQ22024) ,Total Transcript Level Score (Net Positivity|CQ12026) ,Total Transcript Level Score (Net Positivity|CQ42025) 
AEE,Ameren Corporation (NYSE:AEE),10:37:58 AM ET  ,Utilities; Utilities; Multi-Utilities; Multi-Utilities,Utilities,Multi-Utilities,1.73022,0.978547,0.712553,0.389594,0.971694,0.802246,1.037877,1.58829,1.158437,1.024106,2.062204,1.759098,1.864347,1.444089,1.397107,1.483095,1.232666,1.759062,1.475011,1.484747,1.5008,1.672883,0.742886,1.279373,1.666448
ALL,The Allstate Corporation (NYSE:ALL),10:37:56 AM ET  ,Financials; Insurance; Insurance; Property and Casualty Insurance; Casualty; Accident Insurance; Disability Insurance; Liability Insurance; Property; Commercial Property Insurance; Personal Property Insurance; Homeowner's and Renter's Insurance; Motor Vehicle Insurance,Financials,Insurance,0.489378,0.413267,0.245758,-0.098966,1.102022,0.549772,1.193866,0.325486,0.338428,-0.633847,-0.087212,-0.614237,-0.96237,-0.350378,0.314822,0.115674,0.314996,1.139389,0.399334,0.731221,0.963562,1.150298,1.065739,0.361011,1.033908
ALLY,Ally Financial Inc. (NYSE:ALLY),10:38:08 AM ET  ,Financials; Financial Services; Consumer Finance; Consumer Finance; Personal Credit Agencies; Consumer Digital Lending; Personal Loan Services,Financials,Consumer Finance,1.596756,1.452282,0.356616,-0.171128,1.695793,1.429301,1.044682,0.587979,0.689494,0.376932,0.40025,-0.049646,0.477042,0.686831,0.907348,1.763128,2.022154,1.183292,0.765178,0.892346,0.128521,0.389953,1.137877,1.450482,1.393127
ARW,"Arrow Electronics, Inc. (NYSE:ARW)",10:38:09 AM ET  ,"Information Technology; Technology Hardware and Equipment; Electronic Equipment, Instruments and Components; Technology Distributors; Semiconductor Equipment and Product Distribution; Software Distribution; Technology Hardware and Equipment Distribution",Information Technology,"Electronic Equipment, Instruments and Components",0.497512,1.498657,1.054327,0.126727,1.57371,1.16296,1.003192,0.636056,0.325657,0.217434,0.183613,0.284588,1.042632,1.066951,0.576419,0.478142,0.768808,1.036835,1.047904,0.807292,0.645612,1.314991,0.575163,1.909932,1.41889
AT,[Inactive] Alltel Corporation,,Communication Services; Telecommunication Services; Wireless Telecommunication Services; Wireless Telecommunication Services; Cellular Services; Mobile Data Services,Communication Services,Wireless Telecommunication Services,NA,NA,NA,NA,NA,NA,NA,NA,NA,NA,NA,NA,NA,NA,NA,NA,NA,NA,NA,NA,NA,NA,NA,NA,NA
BA,The Boeing Company (NYSE:BA),10:38:07 AM ET  ,"Industrials; Capital Goods; Aerospace and Defense; Aerospace and Defense; Aerospace and Defense Maintenance and Services; Aircraft Systems, Components and Equipment; Defense Electronics; Guided Missiles and Components; Military Aircraft; Passenger and Cargo Aircraft and Airplanes; Cargo Airplanes; Commercial passenger airplanes; Spacecraft and Satellites; Satellites",Industrials,Aerospace and Defense,0.094847,0.460503,0.2331,-0.411523,1.569888,1.145935,0.643269,0.77781,0.853749,1.468551,0.774749,1.47597,0.598007,1.006505,1.004387,0.621701,0.943953,1.848429,1.076631,0.52809,0.535014,1.057971,0.837117,1.523477,1.11013
BBWI,"Bath & Body Works, Inc. (NYSE:BBWI)",10:38:10 AM ET  ,Consumer Discretionary; Consumer Discretionary Distribution and Retail; Online Specialty Retail; Online Household Product Retail; Online Personal Care Product Retail; Online Beauty Care Product Retail; Specialty Retail; Other Specialty Retail; Household Product Stores; Personal Care Product Stores; Beauty Care Product Stores,Consumer Discretionary,Specialty Retail,1.068794,1.609499,0.99214,0.455105,0.829138,2.543671,1.836655,1.885154,2.186904,2.18385,2.232524,2.038202,1.767594,1.76173,2.105263,1.679674,1.336705,2.171582,2.649344,NA,2.401988,1.962837,1.729676,1.726183,1.214575
BHF,"Brighthouse Financial, Inc. (NASDAQGS:BHF)",10:36:33 AM ET  ,Financials; Insurance; Insurance; Life and Health Insurance; Life Insurance,Financials,Insurance,1.061127,0.341774,0.456693,-0.556345,1.410506,0.49728,0.385307,0.037951,0.224261,0.723458,-0.026406,0.84089,0.527627,0.308291,-0.128908,0.547862,0.486464,0.154408,0.365017,0.810302,0.308141,0.384431,0.480947,NA,NA
BLS,"[Inactive] BellSouth, LLC",,Internet Service Providers (ISP); Communication Services; Telecommunication Services; Diversified Telecommunication Services; Integrated Telecommunication Services; Calling Card Provider Services; Conferencing Services; Local Telecommunications Services; Long Distance Telecommunications Services,Communication Services,Diversified Telecommunication Services,NA,NA,NA,NA,NA,NA,NA,NA,NA,NA,NA,NA,NA,NA,NA,NA,NA,NA,NA,NA,NA,NA,NA,NA,NA
BNY,The Bank of New York Mellon Corporation (NYSE:BNY),10:38:08 AM ET  ,Financials; Financial Services; Escrow and Fiduciary Agencies; Capital Markets; Asset Management and Custody Banks; Investment Advice,Financials,Capital Markets,1.819229,0.721252,0.49579,-0.145138,1.385005,0.582212,0.739554,1.921815,1.000336,1.228643,0.910931,1.070965,0.541554,0.728509,0.943953,0.73514,1.054183,1.445715,1.434387,1.310861,1.31161,1.665247,1.43069,1.763541,1.910518
BPLP.L,[Inactive] Boston Properties Limited Partnership,,Real Estate; Equity Real Estate Investment Trusts (REITs); Office REITs; Office REITs,Real Estate,Office REITs,NA,NA,NA,NA,NA,NA,NA,NA,NA,NA,NA,NA,NA,NA,NA,NA,NA,NA,NA,NA,NA,NA,NA,NA,NA
C,Citigroup Inc. (NYSE:C),10:38:08 AM ET  ,Financials; Banks; Banks; Diversified Banks; Diversified Commercial Banks,Financials,Banks,1.432797,0.355056,-0.037744,-0.567662,1.060407,1.066014,0.781499,0.376914,0.357526,0.495572,0.65795,0.54376,0.225291,0.284822,0.30815,0.55843,0.613063,1.40056,0.544811,1.223499,0.898405,0.654298,0.731079,1.193789,1.039103
CAG,"Conagra Brands, Inc. (NYSE:CAG)",10:37:59 AM ET  ,"Consumer Staples; Food, Beverage and Tobacco; Food Products; Packaged Foods and Meats; Frozen Foods; Prepared and Preserved Foods; Snack Food; Seasonings and Preservatives; Sauces And Salad Dressings",Consumer Staples,Food Products,0.564788,1.095832,NA,1.413004,1.442638,1.24665,1.575263,0.74102,1.249187,0.98912,1.068451,1.427277,1.036459,1.66749,1.005245,0.64624,1.051821,0.580458,0.213096,NA,1.099476,0.302071,0.985644,NA,1.02439
CARS,Cars.com Inc. (NYSE:CARS),10:38:02 AM ET  ,Media and Entertainment; Online Services; Communication Services; Interactive Media and Services; Interactive Media and Services,Communication Services,Interactive Media and Services,1.087211,1.290727,0.973773,0.516351,1.882353,2.320027,1.592895,1.161859,1.789745,1.231703,1.608718,1.134931,1.620205,1.064056,1.329992,1.463613,2.460515,1.820456,1.751825,1.748765,1.575274,0.778643,1.675787,1.027717,2.216912
CHDN,Churchill Downs Incorporated (NASDAQGS:CHDN),10:37:57 AM ET  ,"Consumer Discretionary; Consumer Services; Hotels, Restaurants and Leisure; Casinos and Gaming; Casinos; Gaming Operations; Lottery, Bingo, Bookie And Other Gaming Operations; Online Gaming Operations; Racetrack Betting and Gaming Operations; Slot Machine Operators",Consumer Discretionary,"Hotels, Restaurants and Leisure",0.995453,0.856842,0.945776,0.711838,1.637108,0.889108,1.254325,1.023069,1.178755,1.099349,1.626779,1.245065,0.785951,0.920697,0.904379,1.139711,1.27698,1.684658,1.205314,1.443882,1.597253,1.499786,2.13066,1.865672,1.465503
CIN,"[Inactive] Duke Energy Ohio, Inc.",,Utilities; Utilities; Electric Utilities; Electric Utilities; Electric Power Distribution; Electric Power Generation By Fossil Fuels; Electric Power Generation By Nuclear Fuels; Electric Power Transmission and Control,Utilities,Electric Utilities,NA,NA,NA,NA,NA,NA,NA,NA,NA,NA,NA,NA,NA,NA,NA,NA,NA,NA,NA,NA,NA,NA,NA,NA,NA
CINF,Cincinnati Financial Corporation (NASDAQGS:CINF),10:36:31 AM ET  ,Financials; Insurance; Insurance; Property and Casualty Insurance; Casualty; Accident Insurance; Fire and Marine Insurance; Liability Insurance; Worker's Compensation Insurance; Property; Commercial Property Insurance; Surety Insurance; Personal Property Insurance; Homeowner's and Renter's Insurance; Motor Vehicle Insurance,Financials,Insurance,1.192946,-1.016703,-0.373134,-0.616983,0.23902,0.333087,-0.655738,0.201952,0.021093,0.106724,-0.276243,0.1498,-0.628256,-0.591996,-0.928882,0.433553,-0.034106,0.418994,-0.717175,-0.512195,-0.126422,0.124475,0.259016,0.352734,0.306487
CLG,[Inactive] Colonial Gas Company,,Utilities; Utilities; Gas Utilities; Gas Utilities; Oil and Gas Distribution,Utilities,Gas Utilities,NA,NA,NA,NA,NA,NA,NA,NA,NA,NA,NA,NA,NA,NA,NA,NA,NA,NA,NA,NA,NA,NA,NA,NA,NA
CNP,"CenterPoint Energy, Inc. (NYSE:CNP)",10:38:10 AM ET  ,Utilities; Utilities; Multi-Utilities; Multi-Utilities,Utilities,Multi-Utilities,1.473839,1.921646,1.578209,1.086558,2.00157,1.898354,1.067961,1.477411,1.638295,1.694702,1.712674,1.090295,1.214518,1.331324,0.993689,1.209677,0.900901,1.427644,0.608199,1.443371,0.762618,0.440044,1.545779,1.022403,1.877828
CRBG,"Corebridge Financial, Inc. (NYSE:CRBG)",10:38:01 AM ET  ,Financials; Financial Services; Financial Services; Diversified Financial Services,Financials,Financial Services,NA,NA,NA,NA,NA,NA,NA,1.862226,2.150846,1.519967,0.973894,1.668568,1.656315,NA,NA,NA,NA,1.624643,1.463541,1.775648,1.888561,2.42997,1.322557,1.60105,1.389961
CSR,[Inactive] AEP Texas Inc.,,Utilities; Utilities; Electric Utilities; Electric Utilities; Electric Power Distribution; Electric Power Transmission and Control,Utilities,Electric Utilities,NA,NA,NA,NA,NA,NA,NA,NA,NA,NA,NA,NA,NA,NA,NA,NA,NA,NA,NA,NA,NA,NA,NA,NA,NA
CSX,CSX Corporation (NASDAQGS:CSX),10:38:09 AM ET  ,Industrials; Transportation; Ground Transportation; Rail Transportation; Railroad Transportation of Freight,Industrials,Ground Transportation,1.241245,1.726133,0.916096,0.746753,1.167161,1.187481,1.256425,2.188552,2.157106,2.068141,2.064578,1.814637,1.695942,0.640049,1.30409,1.023924,0.286497,1.638981,0.937564,1.149767,1.133333,1.721883,1.821991,1.653554,2.304369
D,"Dominion Energy, Inc. (NYSE:D)",10:38:10 AM ET  ,Utilities; Utilities; Multi-Utilities; Multi-Utilities,Utilities,Multi-Utilities,1.083792,0.970403,0.325682,-0.011317,0.892701,0.840336,0.880368,0.469245,0.357437,0.83682,1.516893,0.191816,0.740466,0.351252,0.779436,0.970403,0.738181,1.328397,0.696609,0.804493,0.640858,0.75959,0.421422,0.5623,0.51241
D,[Inactive] Virginia Electric and Power Company,,Utilities; Utilities; Electric Utilities; Electric Utilities; Electric Power Distribution; Electric Power Generation By Fossil Fuels; Electric Power Generation By Nuclear Fuels; Electric Power Transmission and Control,Utilities,Electric Utilities,NA,NA,NA,NA,NA,NA,NA,NA,NA,NA,NA,NA,NA,NA,NA,NA,NA,NA,NA,NA,NA,NA,NA,NA,NA
DFS,[Inactive] Discover Financial Services,,Financials; Financial Services; Consumer Finance; Consumer Finance; Personal Credit Agencies; Credit Card Issuing Personal Credit Institutions,Financials,Consumer Finance,0.868,0.611925,-0.108401,-0.970737,1.792353,1.148975,0.67293,0.333936,0.237636,0.76723,0.332463,-0.089366,0.749064,0.355969,1.126609,1.16764,0.990241,NA,0.533333,1.177929,1.083493,-0.182927,-0.291971,NA,NA
DOV,Dover Corporation (NYSE:DOV),10:37:36 AM ET  ,"Industrials; Capital Goods; Machinery; Industrial Machinery and Supplies and Components; Food and Beverage Machinery; Industrial Heating, Ventilation, Air Conditioning, and Refrigeration Equipment and Supplies; Industrial Heat Generating Equipment; Industrial Refrigeration Equipment and Supplies; Pumps and Pumping Equipment",Industrials,Machinery,0.621321,0.819472,0.164107,-1.086071,0.549931,0.901217,0.799515,0.858302,0.418465,0.394672,1.081871,0.222284,-0.120934,0.427408,0.366765,0.68,0.229555,0.462963,0.50944,1.225571,0.408102,0.916905,1.173672,1.095557,1.455389
DUK,Duke Energy Corporation (NYSE:DUK),10:38:09 AM ET  ,Utilities; Utilities; Electric Utilities; Electric Utilities; Electric Power Distribution; Electric Power Generation By Fossil Fuels; Electric Power Generation By Nuclear Fuels; Electric Power Transmission and Control,Utilities,Electric Utilities,1.591938,1.263375,0.916655,0.362225,1.330737,1.461175,1.509068,1.5625,1.123366,0.967033,1.430219,0.87184,1.205519,1.25721,0.564546,1.43481,1.641685,1.742685,1.420858,1.792239,0.556174,1.286863,1.71584,1.458299,0.880088
DZA,"[Inactive] Delhaize America, Inc.",,Consumer Staples; Consumer Staples Distribution and Retail; Consumer Staples Distribution and Retail; Food Retail; Grocery Stores; Full Stock Supermarkets,Consumer Staples,Consumer Staples Distribution and Retail,NA,NA,NA,NA,NA,NA,NA,NA,NA,NA,NA,NA,NA,NA,NA,NA,NA,NA,NA,NA,NA,NA,NA,NA,NA
EFX,Equifax Inc. (NYSE:EFX),10:37:56 AM ET  ,Industrials; Commercial and Professional Services; Professional Services; Research and Consulting Services; Consulting Services; Credit Reporting Services,Industrials,Professional Services,1.029214,1.106771,0.58993,-0.180202,0.987061,1.036912,1.110623,0.697554,0.060639,0.779459,0.691194,0.572353,0.652634,0.337818,0.718165,1.061947,0.819837,0.514196,0.516851,0.527983,1.1298,1.332432,0.965759,1.17752,0.954319
EJXR,"[Inactive] EnerJex Resources, Inc. (OTCPK:EJXR)",,"Energy; Energy; Oil, Gas and Consumable Fuels; Oil and Gas Exploration and Production; Oil and Gas Production",Energy,"Oil, Gas and Consumable Fuels",NA,NA,NA,NA,NA,NA,NA,NA,NA,NA,NA,NA,NA,NA,NA,NA,NA,NA,NA,NA,NA,NA,NA,NA,NA
EPR,EPR Properties (NYSE:EPR),10:36:41 AM ET  ,Real Estate; Equity Real Estate Investment Trusts (REITs); Other Specialized REITs; Specialized REITs,Real Estate,Specialized REITs,0.975061,-0.171527,-0.134635,-0.262352,0.795645,0.670038,0.333761,0.403856,0.669399,0.63031,0.64807,0.766518,0.319898,0.784908,1.283674,0.902719,1.312145,1.117241,1.127663,0.61755,0.270416,0.515009,0.730519,1.439232,1.114983
EXC,Exelon Corporation (NASDAQGS:EXC),10:38:10 AM ET  ,Utilities; Utilities; Electric Utilities; Electric Utilities; Electric Power Distribution; Electric Power Transmission and Control,Utilities,Electric Utilities,1.068884,0.211268,0.646378,-0.203062,0.602144,-0.296778,0.975675,1.217587,1.127941,0.905773,0.97129,1.144011,1.343706,1.215805,1.287805,NA,1.075096,1.034295,0.728266,1.163441,0.692521,0.958383,1.206094,1.434846,1.173594
EXSP,[Inactive] Extra Space Storage LP,,Financials; Financial Services; Capital Markets; Asset Management and Custody Banks,Financials,Capital Markets,NA,NA,NA,NA,NA,NA,NA,NA,NA,NA,NA,NA,NA,NA,NA,NA,NA,NA,NA,NA,NA,NA,NA,NA,NA
F,Ford Motor Company (NYSE:F),10:38:08 AM ET  ,Consumer Discretionary; Automobiles and Components; Automobiles; Automobile Manufacturers; Light Truck and Sport Utility Vehicles (SUVs); Passenger Motor Vehicles,Consumer Discretionary,Automobiles,0.971302,1.690848,1.568335,0.065963,1.188571,1.433399,1.730745,1.068485,1.243061,1.129784,1.394785,1.186598,1.152776,0.830895,1.162651,1.73795,1.19888,1.97032,0.872557,1.142212,1.296123,1.174935,0.958248,1.075565,1.356226
FIID,"[Inactive] First Industrial, L.P.",,Real Estate; Equity Real Estate Investment Trusts (REITs); Industrial REITs; Industrial REITs,Real Estate,Industrial REITs,NA,NA,NA,NA,NA,NA,NA,NA,NA,NA,NA,NA,NA,NA,NA,NA,NA,NA,NA,NA,NA,NA,NA,NA,NA
FOSL,"Fossil Group, Inc. (NASDAQGS:FOSL)",10:38:07 AM ET  ,"Consumer Discretionary; Consumer Durables and Apparel; Textiles, Apparel and Luxury Goods; Apparel, Accessories and Luxury Goods; Accessories; Belts and Suspenders; Leather Belts; Jewelry, Timepieces and Gemstone Products; Jewelry; Timepieces; Watches; Luggage and Handbags; Purses, Handbags and Bags",Consumer Discretionary,"Textiles, Apparel and Luxury Goods",0.982112,1.98245,1.370936,0.846262,1.873739,1.840138,1.675427,0.702479,1.271186,1.50833,1.599559,1.465126,1.057811,0.705394,0.949367,1.768921,2.128852,2.453693,2.272727,2.232796,1.607565,1.467956,1.15119,3.295032,2.648202
FTV,Fortive Corporation (NYSE:FTV),10:38:00 AM ET  ,Industrials; Capital Goods; Machinery; Industrial Machinery and Supplies and Components,Industrials,Machinery,1.180124,1.626552,1.555534,-0.266694,2.116012,2.247963,2.066285,1.727727,1.580272,1.822917,2.185915,1.277477,1.62027,1.901416,1.605577,1.471579,1.93918,0.772201,1.127384,1.69304,1.612903,1.419042,2.214631,2.114577,1.715897
FUN,Six Flags Entertainment Corporation (NYSE:FUN),10:37:35 AM ET  ,"Consumer Discretionary; Consumer Services; Hotels, Restaurants and Leisure; Leisure Facilities; Amusement And Recreation Services; Amusement Operations, Parks and Services; Amusement Parks",Consumer Discretionary,"Hotels, Restaurants and Leisure",1.269945,0.630252,0.27127,0.43922,1.096163,1.083238,0.96728,0.663381,2.19681,0.836957,0.709317,1.252446,0.987572,1.046947,1.176965,0.788828,1.303538,0.536103,1.01277,1.235371,1.38939,1.424337,1.288391,1.721068,0.523024
GEHC,GE HealthCare Technologies Inc. (NASDAQGS:GEHC),10:38:04 AM ET  ,"Health Care; Health Care Equipment and Services; Health Care Equipment and Supplies; Health Care Equipment; Medical Equipment; Anesthesia Equipment, Instruments and Accessories; Respiration Systems; Medical Testing, Analyzing, and Diagnostic Equipment; Electrocardiographs (ECGs); Radiology Equipment; CT and Cat Scanners; X-Ray Apparatus and Magnetic Resonance Imaging (MRI); Ultrasound and Sonogram Equipment; Therapeutic Devices; Cardiovascular Equipment",Health Care,Health Care Equipment and Supplies,NA,NA,NA,NA,NA,NA,NA,2.070898,1.951878,1.928081,2.050304,1.797133,NA,NA,NA,NA,NA,1.701149,1.173512,1.677688,1.988218,1.279157,1.67364,1.884469,2.060606
GLW,Corning Incorporated (NYSE:GLW),10:38:09 AM ET  ,"Information Technology; Technology Hardware and Equipment; Electronic Equipment, Instruments and Components; Electronic Components; Electronic Components",Information Technology,"Electronic Equipment, Instruments and Components",0.991715,1.909699,1.276234,0.480118,1.844568,2.193784,1.718256,1.703578,1.501791,1.819134,1.638177,1.373703,1.058585,1.523857,1.808954,1.977734,1.645361,1.698088,1.463631,1.515808,1.460108,1.575029,1.952158,1.720006,2.186258
GPN,Global Payments Inc. (NYSE:GPN),10:38:08 AM ET  ,Financials; Financial Services; Financial Services; Internet Merchant Services; Payment Processors; Payment Service Providers and Gateways; Transaction and Payment Processing Services,Financials,Financial Services,1.598597,2.152457,1.79938,1.201146,1.85022,1.753057,2.078337,1.843564,1.962485,2.062062,1.575977,1.226484,1.641414,1.927598,1.576552,1.615542,1.731954,1.801289,1.798219,2.302342,1.379042,1.780415,1.993977,1.911373,1.604335
GS,"The Goldman Sachs Group, Inc. (NYSE:GS)",10:38:06 AM ET  ,Financials; Financial Services; Capital Markets; Investment Banking and Brokerage; Investment Banking; Merger and Acquisition Advisory Services; Security Underwriting Services; Debt Underwriting Services; Equity Underwriting Services,Financials,Capital Markets,0.696014,0.845045,0.369488,-0.348156,1.366705,1.168944,1.342149,1.515319,0.879051,1.024783,0.688127,0.886991,1.36376,0.125747,0.671224,1.632699,1.440922,1.544215,0.901734,2.304692,1.208201,1.194902,1.371859,1.731716,1.869779
HAS,"Hasbro, Inc. (NASDAQGS:HAS)",10:37:35 AM ET  ,"Consumer Discretionary; Consumer Durables and Apparel; Leisure Products; Leisure Products; Sporting and Recreational Goods; Hobbies, Toys and Games; Dolls and Stuffed Toys; Games and Toys; Board Games",Consumer Discretionary,Leisure Products,1.633194,1.582242,0.706152,0.757346,1.619156,1.551443,1.51136,0.929752,0.814887,0.70661,1.636428,1.072865,1.265176,1.241027,1.734317,1.529121,1.019695,1.171828,0.850762,1.548747,1.116006,1.048606,0.98063,1.58421,1.240106
HHH,Howard Hughes Holdings Inc. (NYSE:HHH),10:38:04 AM ET  ,Real Estate; Real Estate Management and Development; Real Estate Development; Real Estate Management and Development,Real Estate,Real Estate Management and Development,1.325861,1.076866,0.806994,0.273425,1.638137,1.03374,1.169663,1.196762,1.159851,1.180622,1.550121,1.197748,1.004113,1.182994,0.706215,0.751977,1.164358,1.149425,1.043841,1.530071,0.98321,1.09875,1.485997,1.146296,1.299376
HPQ,HP Inc. (NYSE:HPQ),10:38:10 AM ET  ,"Information Technology; Technology Hardware and Equipment; Technology Hardware, Storage and Peripherals; Technology Hardware, Storage and Peripherals; Data Storage; Personal Computers And Accessories; Desktop Computers; Laptop Computers; Monitors; Printers; Servers",Information Technology,"Technology Hardware, Storage and Peripherals",1.472946,1.552106,1.439678,0.513656,1.473829,1.75508,2.551897,1.484375,1.746167,1.482511,1.916288,1.300511,0.872563,0.485437,1.151656,1.083467,1.780731,2.339354,1.473626,1.968449,1.956119,1.728953,1.892225,1.385332,1.561687
ITC,[Inactive] ITC Holdings Corp.,,Utilities; Utilities; Electric Utilities; Electric Utilities; Electric Power Transmission and Control,Utilities,Electric Utilities,NA,NA,NA,NA,NA,NA,NA,NA,NA,NA,NA,NA,NA,NA,NA,NA,NA,NA,NA,NA,NA,NA,NA,NA,NA
JEF,Jefferies Financial Group Inc. (NYSE:JEF),10:38:09 AM ET  ,Financials; Financial Services; Capital Markets; Investment Banking and Brokerage; Investment Banking; Loan Syndication Services; Merger and Acquisition Advisory Services; Private Placement Advisory Services; Security Underwriting Services; Debt Underwriting Services; Equity Underwriting Services; Securities and Commodities Markets Services; Security Brokers and Dealers,Financials,Capital Markets,NA,NA,NA,NA,NA,NA,NA,NA,NA,NA,NA,NA,NA,NA,NA,NA,NA,NA,NA,NA,NA,NA,NA,NA,NA
KD,"Kyndryl Holdings, Inc. (NYSE:KD)",10:38:10 AM ET  ,Information Technology; Software and Services; IT Services; IT Consulting and Other Services; Information Technology (IT) Consulting,Information Technology,IT Services,NA,NA,NA,NA,NA,NA,NA,1.682358,1.5875,1.686555,1.298364,1.835158,1.869412,1.698686,1.368833,1.410437,NA,2.0759,1.677688,1.631873,1.513317,1.282703,1.73257,0.374933,1.680538
KDP,Keurig Dr Pepper Inc. (NASDAQGS:KDP),10:38:05 AM ET  ,"Consumer Staples; Food, Beverage and Tobacco; Beverages; Soft Drinks and Non-alcoholic Beverages; Bottled Water; Non-Carbonated Drinks",Consumer Staples,Beverages,1.447309,0.951475,1.101428,0.426562,0.952705,1.593884,1.951464,2.046943,1.693108,1.892341,0.839481,1.782507,1.444824,1.293544,1.144735,0.92636,1.272317,2.759862,1.823937,2.817123,2.324555,2.404113,2.510337,1.777778,2.103714
KR,The Kroger Co. (NYSE:KR),10:38:07 AM ET  ,Online Food Retail; Online Grocery Retail; Consumer Staples; Consumer Staples Distribution and Retail; Consumer Staples Distribution and Retail; Food Retail; Grocery Stores; Full Stock Supermarkets,Consumer Staples,Consumer Staples Distribution and Retail,1.834031,1.593232,1.578162,1.158057,1.55612,1.901432,1.71636,2.564103,1.580264,1.650321,1.858864,2.301741,1.519723,2.201437,1.717089,1.928191,1.749102,2.468726,2.572191,2.073061,2.434862,2.358433,2.213892,2.555066,2.269772
KSS,Kohl's Corporation (NYSE:KSS),10:38:10 AM ET  ,Consumer Discretionary; Consumer Discretionary Distribution and Retail; Online Broadline Retail; Online Department Store Retail; Broadline Retail; Department Stores; Broadline Retail,Consumer Discretionary,Broadline Retail,2.328903,2.028927,1.507369,1.009685,2.389912,2.452551,2.199183,2.19361,1.818182,2.315121,2.249561,1.706731,1.319479,0.796508,1.234568,1.11123,1.60988,1.886571,1.652408,1.127603,1.177568,1.457351,1.324749,1.701947,2.53309
KSU,[Inactive] Kansas City Southern,,Industrials; Transportation; Ground Transportation; Rail Transportation; Railroad Transportation of Freight,Industrials,Ground Transportation,1.458782,1.063264,0.678829,0.571924,0.304765,1.093816,0.800288,NA,NA,NA,NA,NA,NA,NA,NA,NA,0.851299,NA,NA,NA,NA,NA,NA,NA,NA
LGIH,"LGI Homes, Inc. (NASDAQGS:LGIH)",10:37:38 AM ET  ,"Consumer Discretionary; Consumer Durables and Apparel; Household Durables; Homebuilding; Residential Construction, General Contractors and Operative Builders",Consumer Discretionary,Household Durables,0.137033,0.536463,0.150331,0.254005,0.441903,0.365309,0.703041,0,0.690744,0.500928,0.427832,0,0.203459,-0.137533,-0.087843,0.069626,0.082481,-0.022873,-0.372841,-0.34337,0.719152,0.505166,0.378072,-0.498694,0.448766
LOW,"Lowe's Companies, Inc. (NYSE:LOW)",10:38:05 AM ET  ,"Consumer Discretionary; Consumer Discretionary Distribution and Retail; Online Appliance Retail; Online Building Product and Home Supply Retail; Online Lawn and Garden Supply Retail; Specialty Retail; Home Improvement Retail; Building Product and Home Supply Stores; Hardware Stores; Paint, Glass and Wallpaper Stores; Lawn and Garden Supply Stores",Consumer Discretionary,Specialty Retail,2.605788,1.804223,1.645232,1.030566,1.763426,2.311522,1.944355,2.036684,1.515853,1.816038,2.014204,1.268474,1.649762,1.628626,1.909743,1.979089,2.044814,2.116578,2.059471,2.126717,1.595442,1.495073,2.146791,2.028117,2.456382
LUV,Southwest Airlines Co. (NYSE:LUV),10:38:07 AM ET  ,Industrials; Transportation; Passenger Airlines; Passenger Airlines; Commercial Airlines,Industrials,Passenger Airlines,0.446296,0.662614,0.227666,-0.178333,0.780251,0.806848,0.823287,1.551077,1.046436,0.711103,0.719478,-0.229823,0.851711,0.53709,0.912542,0.783638,0.26512,1.291291,1.186204,2.12766,1.088809,0.241005,0.252422,1.165637,1.201898
M,"Macy's, Inc. (NYSE:M)",10:38:01 AM ET  ,Consumer Discretionary; Consumer Discretionary Distribution and Retail; Online Broadline Retail; Online Department Store Retail; Broadline Retail; Department Stores; Broadline Retail,Consumer Discretionary,Broadline Retail,0.954454,1.697613,0.949824,NA,1.938387,2.43341,1.824026,1.280713,1.739236,0.907376,1.449945,1.265146,0.903614,0.723806,1.307914,1.581061,1.852239,2.119617,1.725804,2.494859,2.129261,2.361538,1.938441,2.27667,2.383752
MAIN,Main Street Capital Corporation (NYSE:MAIN),10:38:06 AM ET  ,Financials; Financial Services; Capital Markets; Asset Management and Custody Banks; Investment Company and Business Development Companies; Business Development Company,Financials,Capital Markets,1.270183,1.093693,1.22288,0.690814,1.809067,1.642559,1.134037,1.304239,1.537828,1.355553,1.373061,1.529354,2.151088,1.702685,1.28045,1.515858,2.065148,1.500904,1.363756,1.702908,1.432017,1.654543,1.429815,1.977688,1.704233
MAY,[Inactive] May Department Stores Co.,,Consumer Discretionary; Consumer Discretionary Distribution and Retail; Broadline Retail; Department Stores; Broadline Retail,Consumer Discretionary,Broadline Retail,NA,NA,NA,NA,NA,NA,NA,NA,NA,NA,NA,NA,NA,NA,NA,NA,NA,NA,NA,NA,NA,NA,NA,NA,NA
MBG,"[Inactive] Mandalay Resort Group, LLC",,"Consumer Discretionary; Consumer Services; Hotels, Restaurants and Leisure; Hotels, Resorts and Cruise Lines; Lodging; Hotels And Motels; Hotels; Resorts",Consumer Discretionary,"Hotels, Restaurants and Leisure",NA,NA,NA,NA,NA,NA,NA,NA,NA,NA,NA,NA,NA,NA,NA,NA,NA,NA,NA,NA,NA,NA,NA,NA,NA
MCD,McDonald's Corporation (NYSE:MCD),10:38:07 AM ET  ,"Consumer Discretionary; Consumer Services; Hotels, Restaurants and Leisure; Restaurants; Limited Service Restaurants; Fast-Food Restaurants",Consumer Discretionary,"Hotels, Restaurants and Leisure",1.534137,1.841712,0.725586,0.082733,1.910903,1.724138,1.424361,2.242668,1.58655,1.921528,1.952055,2.21328,1.50644,1.499356,1.057133,1.949828,1.400221,2.052178,1.75552,2.135348,1.867174,1.460255,1.927978,2.040361,1.360162
MMM,3M Company (NYSE:MMM),10:38:00 AM ET  ,Industrials; Capital Goods; Industrial Conglomerates; Industrial Conglomerates,Industrials,Industrial Conglomerates,0.838888,0.782949,0.97567,-0.12133,0.930401,1.207627,1.694251,0.86783,1.152493,0.577254,0.967668,0.172618,1.006787,1.005442,-0.114931,0.95092,0.547035,1.555305,0.542389,1.293675,1.1378,1.13081,1.228692,1.712518,1.668083
MO,"Altria Group, Inc. (NYSE:MO)",10:38:10 AM ET  ,"Consumer Staples; Food, Beverage and Tobacco; Tobacco; Tobacco; Chewing, Pipe Tobacco And Snuff; Cigarettes; Cigars",Consumer Staples,Tobacco,0.013759,0.97456,1.121779,0.042418,0.674188,0.587109,1.298961,0.092348,0.407569,0.502804,0.036717,0.949796,1.142627,0.949173,0.495896,0.519243,0.498803,0.208701,0.095785,-0.043969,0.428683,-0.245587,0.331878,0.694444,1.411043
MOG.A,Moog Inc. (NYSE:MOG.A),10:37:55 AM ET  ,"Industrials; Capital Goods; Aerospace and Defense; Aerospace and Defense; Aerospace and Defense Maintenance and Services; Aircraft Systems, Components and Equipment; Defense Electronics; Guided Missiles and Components; Rockets and Subsystems; Spacecraft and Satellites; Spacecrafts, Space Structures and Components",Industrials,Aerospace and Defense,0.840792,0.778288,0.22688,-0.046811,0.480852,1.448182,1.042837,1.705622,1.370585,0.975478,0.675556,1.437779,0.256264,0.275482,0.239302,0.886094,0.465584,1.655629,1.183746,1.915778,1.606308,1.888035,1.232071,1.679688,2.050448
MSCI,MSCI Inc. (NYSE:MSCI),10:36:49 AM ET  ,Financials; Financial Services; Capital Markets; Financial Exchanges and Data; Security and Commodity Exchanges,Financials,Capital Markets,1.160338,1.288281,1.134931,-0.254748,1.285749,1.420144,1.131778,1.571141,0.928163,1.27844,0.33246,1.229803,0.590104,0.66363,0.835724,1.634947,1.67124,1.066493,0.542537,1.256908,1.347739,1.547988,1.07375,2.424179,1.416683
MSI,"Motorola Solutions, Inc. (NYSE:MSI)",10:38:09 AM ET  ,Information Technology; Technology Hardware and Equipment; Communications Equipment; Communications Equipment; Networking Equipment; Telephone and Telecommunications Equipment; Telecommunications Equipment,Information Technology,Communications Equipment,0.840956,1.227197,0.479481,0.072718,1.526019,1.26369,1.105118,1.608617,0.979363,1.389313,1.263212,1.033187,0.612706,0.936281,0.743657,0.715346,1.034738,1.530273,1.373663,1.369023,1.448069,1.690178,1.255783,1.15508,1.242911
MTZ,"MasTec, Inc. (NYSE:MTZ)",10:38:02 AM ET  ,"Industrials; Capital Goods; Construction and Engineering; Construction and Engineering; Construction Support Services; Engineering and Surveying Services; Engineering Services; Heavy Construction; Nonbuilding Structures Construction; Power and Communication Transmission Lines; Water, Sewer and Pipeline Construction; Specialty Contract Work",Industrials,Construction and Engineering,1.458396,1.042932,1.156264,0.647887,1.479073,1.643696,1.301236,1.099164,-0.096723,0.745324,1.283728,0.928564,1.622536,0.731175,0.829839,1.273822,1.369198,1.719073,2.047296,1.782178,2.635413,1.868902,1.717945,2.393201,1.886995
NAVI,Navient Corporation (NASDAQGS:NAVI),10:38:07 AM ET  ,Financials; Financial Services; Consumer Finance; Consumer Finance; Personal Credit Agencies; Personal Loan Services; Student Loans,Financials,Consumer Finance,1.926113,0.746353,0.159127,-0.370774,0.681223,1.13806,0.669643,0.447273,0.895959,0.814382,0.954654,0.733652,-0.414508,0.753453,0.76199,0.876727,1.138304,0.84246,0.299138,0.555001,0.086565,0.503202,0.358306,0.970874,0.26455
NHI,"National Health Investors, Inc. (NYSE:NHI)",10:38:05 AM ET  ,Real Estate; Equity Real Estate Investment Trusts (REITs); Health Care REITs; Health Care REITs,Real Estate,Health Care REITs,0.76555,0.301205,0.400126,-0.046345,0.278035,0.299448,0.468473,1.400382,1.241465,1.410466,1.29061,0.371021,0.623515,0.759173,0.417646,0.017173,0.540541,1.061875,0.691389,0.76746,0.695019,1.035987,1.222851,0.982993,0.565519
NOC,Northrop Grumman Corporation (NYSE:NOC),10:37:57 AM ET  ,"Industrials; Capital Goods; Aerospace and Defense; Aerospace and Defense; Aerospace and Defense Maintenance and Services; Aircraft Systems, Components and Equipment; Defense Electronics; Command, Control and Communication Equipment; Electronic Warfare Systems; Infrared Sensors; Guided Missiles and Components; Military Aircraft; Rockets and Subsystems; Spacecraft and Satellites; Spacecrafts, Space Structures and Components",Industrials,Aerospace and Defense,NA,0.906753,0.835354,0.617036,1.594618,1.304741,0.875154,1.109057,1.368256,1.399561,0.802676,1.052361,0.832529,0.810811,0.982098,0.87285,0.446599,1.26746,0.861489,1.442962,1.683767,1.218713,1.515152,1.519127,0.971267
NSC,Norfolk Southern Corporation (NYSE:NSC),10:38:09 AM ET  ,Industrials; Transportation; Ground Transportation; Rail Transportation; Railroad Transportation of Freight; Railroad Transportation of Passengers; Commuter Rail Systems,Industrials,Ground Transportation,1.331611,1.901449,1.028571,0.8369,1.458159,2.174629,0.955473,1.066782,1.11012,0.855062,0.43753,1.172799,1.31118,1.362478,1.523035,1.604337,1.346927,NA,1.031873,1.689837,1.396917,1.580408,0.916657,0.609236,0.664925
NSRT,[Inactive] Norfolk Southern Railway Company,,Industrials; Transportation; Ground Transportation; Rail Transportation; Railroad Transportation of Freight,Industrials,Ground Transportation,NA,NA,NA,NA,NA,NA,NA,NA,NA,NA,NA,NA,NA,NA,NA,NA,NA,NA,NA,NA,NA,NA,NA,NA,NA
NWL,Newell Brands Inc. (NASDAQGS:NWL),10:38:03 AM ET  ,Consumer Discretionary; Consumer Durables and Apparel; Household Durables; Housewares and Specialties; Kitchen Housewares; Bakeware; Cookware; Cutlery; Glass and Glassware,Consumer Discretionary,Household Durables,2.03571,2.391874,0.420252,0.091376,1.526075,2.664667,2.271801,2.174671,0.91439,1.376795,1.023517,1.465614,0.547672,0.776126,1.437426,2.020492,1.750905,1.918497,0.896182,1.785131,2.758792,2.12373,1.965271,2.435927,1.124133
OC,Owens Corning (NYSE:OC),10:38:07 AM ET  ,"Industrials; Capital Goods; Building Products; Building Products; Roofing, Siding, and Insulation Materials; Asphalt Paving and Roofing Materials; Shingles and Shake Siding Materials; Windows and Doors",Industrials,Building Products,1.707541,1.698032,0.868132,0,1.751792,1.924399,1.330507,1.89377,1.469621,1.466881,1.295968,1.445013,0.956648,1.842424,1.791411,2.09986,1.759259,1.618017,1.150785,1.563165,1.505071,1.904653,1.802721,1.265133,0.430796
ORCL,Oracle Corporation (NYSE:ORCL),10:38:10 AM ET  ,Information Technology; Software and Services; Software; Systems Software; Development Tools; Operating System Software,Information Technology,Software,0.658376,0.957771,1.004728,1.019968,0.757038,1.011804,0.541103,0.901564,0.528,0.874947,1.170483,0.809368,0.745913,0.533029,0.863775,1.283951,0.543323,0.9877,0.524982,0.432819,0.88208,0.634633,0.385817,1.213018,0.908656
PATK,"Patrick Industries, Inc. (NASDAQGS:PATK)",10:37:27 AM ET  ,Consumer Discretionary; Automobiles and Components; Automobile Components; Automotive Parts and Equipment,Consumer Discretionary,Automobile Components,1.340408,1.772764,0.790606,0.033131,1.901937,2.082249,1.772235,1.604347,1.89136,1.156463,1.583974,1.058852,2.15151,1.438184,2.360418,2.204645,1.512957,1.657459,1.499106,1.688058,1.390856,1.668536,1.664145,2.093534,1.393508
PCG,[Inactive] Pacific Gas and Electric Company,,Utilities; Utilities; Electric Utilities; Electric Utilities; Electric Power Generation By Fossil Fuels; Electric Power Generation By Nuclear Fuels,Utilities,Electric Utilities,NA,NA,NA,NA,NA,NA,NA,NA,NA,NA,NA,NA,NA,NA,NA,NA,NA,NA,NA,NA,NA,NA,NA,NA,NA
PGS,"[Inactive] Public Service Company of North Carolina, Incorporated",,Utilities; Utilities; Gas Utilities; Gas Utilities; Oil and Gas Distribution,Utilities,Gas Utilities,NA,NA,NA,NA,NA,NA,NA,NA,NA,NA,NA,NA,NA,NA,NA,NA,NA,NA,NA,NA,NA,NA,NA,NA,NA
PII,Polaris Inc. (NYSE:PII),10:37:24 AM ET  ,Consumer Discretionary; Consumer Durables and Apparel; Leisure Products; Leisure Products,Consumer Discretionary,Leisure Products,1.710363,1.446856,1.143889,0,0.534389,1.400267,1.566627,0.866914,1.097482,1.840554,1.517216,1.214341,1.362053,0.910284,0.596888,1.61259,0.908525,1.554466,0.801684,0.714225,0.653149,1.043103,1.329762,1.857996,2.24169
PPW,[Inactive] PacifiCorp,,Utilities; Utilities; Electric Utilities; Electric Utilities; Electric Power Distribution; Electric Power Generation By Fossil Fuels; Electric Power Transmission and Control,Utilities,Electric Utilities,NA,NA,NA,NA,NA,NA,NA,NA,NA,NA,NA,NA,NA,NA,NA,NA,NA,NA,NA,NA,NA,NA,NA,NA,NA
PSIE,"[Inactive] Duke Energy Indiana, LLC",,Utilities; Utilities; Electric Utilities; Electric Utilities; Electric Power Distribution; Electric Power Generation By Fossil Fuels; Electric Power Generation By Nuclear Fuels; Electric Power Transmission and Control,Utilities,Electric Utilities,NA,NA,NA,NA,NA,NA,NA,NA,NA,NA,NA,NA,NA,NA,NA,NA,NA,NA,NA,NA,NA,NA,NA,NA,NA
RCL,Royal Caribbean Cruises Ltd. (NYSE:RCL),10:37:59 AM ET  ,"Consumer Discretionary; Consumer Services; Hotels, Restaurants and Leisure; Hotels, Resorts and Cruise Lines; Lodging; Cruise Ships",Consumer Discretionary,"Hotels, Restaurants and Leisure",1.018957,0.243836,0.349063,0.259516,1.201057,1.02945,0.640638,2.349964,1.927019,2.53012,2.316511,1.862603,2.114428,1.607502,1.807367,1.531985,1.209865,1.831383,2.011735,2.484683,2.430105,2.005657,2.799844,2.397507,2.325879
RITM,Rithm Capital Corp. (NYSE:RITM),10:38:06 AM ET  ,Financials; Financial Services; Mortgage Real Estate Investment Trusts (REITs); Mortgage REITs,Financials,Mortgage Real Estate Investment Trusts (REITs),1.048408,0.723764,0.646147,0.155508,1.066573,1.008772,0.463376,0.885176,0.728218,0.959616,0.897244,1.037062,0.53009,0.561363,0.556806,0.874763,1.089301,0.773643,0.917431,0.787526,0.949132,1.093072,1.342405,1.264804,1.293956
RTN,[Inactive] Raytheon Company,,"Industrials; Capital Goods; Aerospace and Defense; Aerospace and Defense; Aerospace and Defense Maintenance and Services; Aircraft Systems, Components and Equipment; Aerospace Location, Navigation, and Guidance Systems; Conventional Weapons; Defense Electronics; Command, Control and Communication Equipment; Electronic Warfare Systems; Infrared Sensors",Industrials,Aerospace and Defense,1.356589,NA,NA,NA,NA,NA,NA,NA,NA,NA,NA,NA,NA,NA,NA,NA,NA,NA,NA,NA,NA,NA,NA,NA,NA
RTX,RTX Corporation (NYSE:RTX),10:38:08 AM ET  ,"Industrials; Capital Goods; Aerospace and Defense; Aerospace and Defense; Aerospace and Defense Maintenance and Services; Aerospace Transportation Support Systems; Flight Simulators; Aircraft Systems, Components and Equipment; Aircraft Engines and Engine Parts; Defense Electronics; Command, Control and Communication Equipment; Infrared Sensors",Industrials,Aerospace and Defense,-0.024997,0.674497,0.516729,-0.011983,1.14873,0.897708,0.643883,0.972411,0.598444,0.415171,1.290794,1.175799,0.614532,0.011391,0.288373,0.754901,0.38525,1.548512,0.929777,1.286851,1.014832,1.048797,1.652491,0.975429,1.195952
SAIC,Science Applications International Corporation (NASDAQGS:SAIC),10:38:02 AM ET  ,Industrials; Commercial and Professional Services; Professional Services; Research and Consulting Services,Industrials,Professional Services,1.137188,1.882952,1.240444,1.155423,1.352439,1.615953,0.869754,1.491819,1.285485,1.680942,1.471941,NA,1.352082,0.741438,1.395706,1.297765,1.610959,0.145316,0.749404,1.012711,0.913773,1.296443,0.701996,1.646309,1.870873
SCHW,The Charles Schwab Corporation (NYSE:SCHW),10:38:07 AM ET  ,Financials; Financial Services; Capital Markets; Investment Banking and Brokerage; Securities and Commodities Markets Services; Security Brokers and Dealers; Online Security Brokers and Dealers; Online Trading Systems,Financials,Capital Markets,NA,NA,NA,NA,NA,NA,NA,NA,NA,NA,NA,NA,NA,NA,NA,NA,NA,NA,NA,NA,NA,NA,NA,NA,NA
SWX,"Southwest Gas Holdings, Inc. (NYSE:SWX)",10:38:01 AM ET  ,Utilities; Utilities; Gas Utilities; Gas Utilities; Oil and Gas Distribution; Natural Gas Transmission,Utilities,Gas Utilities,0.314102,0.710445,0.597066,-0.06056,0.624731,0.927459,0.503107,1.856729,1.275077,2.598509,2.040404,1.368866,0.998152,1.431493,0.843468,1.989631,0.981939,1.50519,1.39652,1.324935,1.52814,1.33906,1.711388,1.697934,1.550759
SYY,Sysco Corporation (NYSE:SYY),10:38:04 AM ET  ,Consumer Staples; Consumer Staples Distribution and Retail; Consumer Staples Distribution and Retail; Food Distributors; Beverage Distribution; Food Distribution; Groceries and Related Product Distribution,Consumer Staples,Consumer Staples Distribution and Retail,1.064442,1.320445,1.223274,1.023224,1.194288,1.604229,1.243818,2.372988,3.315145,2.758463,2.373737,2.349437,1.905132,2.175152,2.840804,1.353481,1.973279,2.396703,1.461057,2.479589,2.425107,2.858751,2.221985,2.680739,2.739726
TNET,"TriNet Group, Inc. (NYSE:TNET)",10:38:07 AM ET  ,Industrials; Commercial and Professional Services; Professional Services; Human Resource and Employment Services; Human Resources and Personnel Management; Payroll Services,Industrials,Professional Services,2.17967,1.463332,0.409378,0.315615,1.584222,1.09013,1.36044,1.597542,1.299709,1.92749,0.87077,1.346965,1.283163,1.284284,1.575669,1.679139,1.243781,1.654111,1.349626,1.359611,0.915192,2.117926,1.474654,0.839161,1.219126
TTC,The Toro Company (NYSE:TTC),10:38:09 AM ET  ,Industrials; Capital Goods; Machinery; Agricultural and Farm Machinery; Agricultural Machinery and Equipment; Farming Machinery and Equipment,Industrials,Machinery,1.397877,1.459612,1.438208,0.548179,0.98699,1.446884,1.787078,2.165289,1.823154,1.341433,1.860712,2.398465,1.672787,1.677792,1.321794,2.169954,1.639576,1.989694,0.994356,2.228897,2.135802,2.161877,2.481791,2.646291,2.666166
TWC,[Inactive] Time Warner Cable Inc.,,Media and Entertainment; Media; Cable and Satellite; Cable And Other Pay Television; Cable Broadcasting; Digital Cable Television; Communication Services,Communication Services,Media,NA,NA,NA,NA,NA,NA,NA,NA,NA,NA,NA,NA,NA,NA,NA,NA,NA,NA,NA,NA,NA,NA,NA,NA,NA
TWX,"[Inactive] Warner Media, LLC",,Media and Entertainment; Movies and Entertainment; Entertainment Production Companies; Animation Production; Motion Picture and Video Production Companies; Television Production Companies; Entertainment Services; Motion Picture Distribution And Allied Services; Motion Picture And Video Tape Distribution; Communication Services; Entertainment,Communication Services,Entertainment,NA,NA,NA,NA,NA,NA,NA,NA,NA,NA,NA,NA,NA,NA,NA,NA,NA,NA,NA,NA,NA,NA,NA,NA,NA
UNM,Unum Group (NYSE:UNM),10:38:08 AM ET  ,Financials; Insurance; Insurance; Life and Health Insurance; Health and Medical Insurance; Life Insurance,Financials,Insurance,1.007023,-0.121132,0.042813,-0.401389,0.54277,1.198919,-0.143032,1.12207,1.049024,1.174061,1.493161,1.641266,1.33267,1.342028,1.3717,1.334039,0.235849,0.835127,0.987536,1.399363,1.398438,1.920034,1.321535,1.045375,1.166827
VSAT,"Viasat, Inc. (NASDAQGS:VSAT)",10:38:03 AM ET  ,Information Technology; Technology Hardware and Equipment; Communications Equipment; Communications Equipment; Networking Equipment; Satellite and Microwave Equipment; Telephone and Telecommunications Equipment; Telecommunications Equipment; Modems,Information Technology,Communications Equipment,1.667328,0.963804,1.347414,0.289281,0.319814,0.701083,0.865842,1.053342,0.917431,1.224858,1.74225,0.946074,0.5625,0.972792,1.069969,1.396245,NA,1.13967,1.121593,1.027272,1.120416,0.978115,0.971731,1.057056,1.296519
VYX,NCR Voyix Corporation (NYSE:VYX),10:38:03 AM ET  ,Information Technology; Software and Services; Application Hosting Services; Application Service Providers (ASPs); Software; Application Software; Enterprise Software; Industry Specific Software; Financial Services Software; Application Software for Banking Industry; Restaurant Industry Software; Retail Industry Software; Office and Home Productivity Software,Information Technology,Software,1.118305,0.661867,0.55661,-0.397251,1.12419,1.133636,0.645633,0.748347,1.28294,1.265446,1.036921,0.933743,0.987898,0.653781,0.402936,1.010499,1.008033,1.295458,0.637404,0.281385,0.550406,0.189819,0.83347,1.216659,1.276066
VZ,Verizon Communications Inc. (NYSE:VZ),10:38:09 AM ET  ,Communication Services; Telecommunication Services; Diversified Telecommunication Services; Integrated Telecommunication Services; Conferencing Services; Video Conferencing,Communication Services,Diversified Telecommunication Services,1.314991,1.764819,1.059903,0.337895,1.970281,2.127884,1.56438,1.979337,1.954852,1.855309,1.844888,1.31324,1.409636,1.207995,1.491583,1.9062,1.823085,2.436377,1.601478,1.595079,1.712554,2.218371,1.934474,1.770026,2.158654
WFC,Wells Fargo & Company (NYSE:WFC),10:38:02 AM ET  ,Financials; Banks; Banks; Diversified Banks; Diversified Commercial Banks,Financials,Banks,0.843577,0.397252,-0.155049,-1.338499,0.774037,0.434746,0.7526,0.600753,0.235479,-0.044184,0.0519,0.519635,-0.169779,-0.037078,0.051722,1.192129,0.527086,1.049249,0.523022,1.394521,0.375385,0.30973,0.500324,1.236582,1.522498
WY,Weyerhaeuser Company (NYSE:WY),10:37:39 AM ET  ,Real Estate; Equity Real Estate Investment Trusts (REITs); Specialized REITs; Timber REITs,Real Estate,Specialized REITs,1.194066,0.714836,1.083898,-0.011263,0.86741,1.348025,1.364661,1.033322,0.263997,0.7449,0.960323,0.131637,0.068043,0.770077,1.261396,0.916851,0.563525,0.737547,0.580294,0.909196,0.628296,0.525164,0.678248,0.982994,0.269949
-,Federal Realty OP LP,,Real Estate; Equity Real Estate Investment Trusts (REITs); Retail REITs; Retail REITs,Real Estate,Retail REITs,NA,NA,NA,NA,NA,NA,NA,NA,NA,NA,NA,NA,NA,NA,NA,NA,NA,NA,NA,NA,NA,NA,NA,NA,NA
-,"Constellation Energy Generation, LLC",,Utilities; Utilities; Independent Power and Renewable Electricity Producers; Renewable Electricity; Electric Power By Solar Energy; Electric Power By Wind Energy; Hydroelectric Power Generation,Utilities,Independent Power and Renewable Electricity Producers,NA,NA,NA,NA,NA,NA,NA,NA,NA,NA,NA,NA,NA,NA,NA,NA,NA,NA,NA,NA,NA,NA,NA,NA,NA
-,Wells Fargo Finance LLC,,Financials; Financial Services; Capital Markets; Investment Banking and Brokerage,Financials,Capital Markets,NA,NA,NA,NA,NA,NA,NA,NA,NA,NA,NA,NA,NA,NA,NA,NA,NA,NA,NA,NA,NA,NA,NA,NA,NA
-,Alcoa Nederland Holding B.V,,Financials; Financial Services; Capital Markets; Asset Management and Custody Banks,Financials,Capital Markets,NA,NA,NA,NA,NA,NA,NA,NA,NA,NA,NA,NA,NA,NA,NA,NA,NA,NA,NA,NA,NA,NA,NA,NA,NA
-,Blue Owl Finance LLC,,Financials; Financial Services; Capital Markets; Asset Management and Custody Banks,Financials,Capital Markets,NA,NA,NA,NA,NA,NA,NA,NA,NA,NA,NA,NA,NA,NA,NA,NA,NA,NA,NA,NA,NA,NA,NA,NA,NA
-,"Discovery Global Holdings, Inc.",,Media and Entertainment; Movies and Entertainment; Entertainment Production Companies; Motion Picture and Video Production Companies; Television Production Companies; Communication Services; Entertainment,Communication Services,Entertainment,NA,NA,NA,NA,NA,NA,NA,NA,NA,NA,NA,NA,NA,NA,NA,NA,NA,NA,NA,NA,NA,NA,NA,NA,NA
-,Tampa Electric Company,,Utilities; Utilities; Electric Utilities; Electric Utilities; Electric Power Distribution; Electric Power Generation By Fossil Fuels; Electric Power Transmission and Control,Utilities,Electric Utilities,NA,NA,NA,NA,NA,NA,NA,NA,NA,NA,NA,NA,NA,NA,NA,NA,NA,NA,NA,NA,NA,NA,NA,NA,NA
-,"BellSouth Telecommunications, LLC",,Communication Services; Telecommunication Services; Diversified Telecommunication Services; Integrated Telecommunication Services; Local Telecommunications Services; Long Distance Telecommunications Services,Communication Services,Diversified Telecommunication Services,NA,NA,NA,NA,NA,NA,NA,NA,NA,NA,NA,NA,NA,NA,NA,NA,NA,NA,NA,NA,NA,NA,NA,NA,NA
-,Southern California Edison Company,,Utilities; Utilities; Electric Utilities; Electric Utilities,Utilities,Electric Utilities,NA,NA,NA,NA,NA,NA,NA,NA,NA,NA,NA,NA,NA,NA,NA,NA,NA,NA,NA,NA,NA,NA,NA,NA,NA
-,The Dayton Power and Light Company,,Utilities; Utilities; Electric Utilities; Electric Utilities; Electric Power Distribution; Electric Power Transmission and Control,Utilities,Electric Utilities,NA,NA,NA,NA,NA,NA,NA,NA,NA,NA,NA,NA,NA,NA,NA,NA,NA,NA,NA,NA,NA,NA,NA,NA,NA
-,Southwest Gas Corporation,,Utilities; Utilities; Gas Utilities; Gas Utilities; Oil and Gas Distribution; Natural Gas Transmission,Utilities,Gas Utilities,NA,NA,NA,NA,NA,NA,NA,NA,NA,NA,NA,NA,NA,NA,NA,NA,NA,NA,NA,NA,NA,NA,NA,NA,NA
-,Dell Inc.,,"Information Technology; Technology Hardware and Equipment; Technology Hardware, Storage and Peripherals; Technology Hardware, Storage and Peripherals; Computer Components",Information Technology,"Technology Hardware, Storage and Peripherals",NA,NA,NA,NA,NA,NA,NA,NA,NA,NA,NA,NA,NA,NA,NA,NA,NA,NA,NA,NA,NA,NA,NA,NA,NA
-,First Maryland Capital II,,Financials; Banks; Banks; Regional Banks,Financials,Banks,NA,NA,NA,NA,NA,NA,NA,NA,NA,NA,NA,NA,NA,NA,NA,NA,NA,NA,NA,NA,NA,NA,NA,NA,NA
-,"System Energy Resources, Inc.",,Utilities; Utilities; Electric Utilities; Electric Utilities; Electric Power Generation By Nuclear Fuels,Utilities,Electric Utilities,NA,NA,NA,NA,NA,NA,NA,NA,NA,NA,NA,NA,NA,NA,NA,NA,NA,NA,NA,NA,NA,NA,NA,NA,NA
-,Appalachian Power Company,,Utilities; Utilities; Electric Utilities; Electric Utilities; Electric Power Distribution; Electric Power Generation By Fossil Fuels; Electric Power Transmission and Control,Utilities,Electric Utilities,NA,NA,NA,NA,NA,NA,NA,NA,NA,NA,NA,NA,NA,NA,NA,NA,NA,NA,NA,NA,NA,NA,NA,NA,NA
-,"Duke Energy Florida, LLC",,Utilities; Utilities; Electric Utilities; Electric Utilities; Electric Power Distribution; Electric Power Generation By Fossil Fuels; Electric Power Generation By Nuclear Fuels; Electric Power Transmission and Control,Utilities,Electric Utilities,NA,NA,NA,NA,NA,NA,NA,NA,NA,NA,NA,NA,NA,NA,NA,NA,NA,NA,NA,NA,NA,NA,NA,NA,NA
-,Jersey Central Power & Light Company,,Utilities; Utilities; Electric Utilities; Electric Utilities; Electric Power Distribution; Electric Power Transmission and Control,Utilities,Electric Utilities,NA,NA,NA,NA,NA,NA,NA,NA,NA,NA,NA,NA,NA,NA,NA,NA,NA,NA,NA,NA,NA,NA,NA,NA,NA
-,Public Service Company of Oklahoma,,Utilities; Utilities; Electric Utilities; Electric Utilities; Electric Power Distribution; Electric Power Transmission and Control,Utilities,Electric Utilities,NA,NA,NA,NA,NA,NA,NA,NA,NA,NA,NA,NA,NA,NA,NA,NA,NA,NA,NA,NA,NA,NA,NA,NA,NA
-,"Duke Energy Kentucky, Inc.",,Utilities; Utilities; Electric Utilities; Electric Utilities; Electric Power Distribution; Electric Power Generation By Fossil Fuels; Electric Power Transmission and Control,Utilities,Electric Utilities,NA,NA,NA,NA,NA,NA,NA,NA,NA,NA,NA,NA,NA,NA,NA,NA,NA,NA,NA,NA,NA,NA,NA,NA,NA
-,Boston Gas Company,,Utilities; Utilities; Gas Utilities; Gas Utilities; Oil and Gas Distribution; Natural Gas Transmission,Utilities,Gas Utilities,NA,NA,NA,NA,NA,NA,NA,NA,NA,NA,NA,NA,NA,NA,NA,NA,NA,NA,NA,NA,NA,NA,NA,NA,NA
-,"Indiana Gas Company, Inc.",,Utilities; Utilities; Gas Utilities; Gas Utilities; Oil and Gas Distribution; Natural Gas Transmission,Utilities,Gas Utilities,NA,NA,NA,NA,NA,NA,NA,NA,NA,NA,NA,NA,NA,NA,NA,NA,NA,NA,NA,NA,NA,NA,NA,NA,NA
-,CenterPoint Energy Resources Corp.,,Utilities; Utilities; Gas Utilities; Gas Utilities; Oil and Gas Distribution; Natural Gas Transmission,Utilities,Gas Utilities,NA,NA,NA,NA,NA,NA,NA,NA,NA,NA,NA,NA,NA,NA,NA,NA,NA,NA,NA,NA,NA,NA,NA,NA,NA
-,"Texas Gas Transmission, LLC",,"Energy; Energy; Oil, Gas and Consumable Fuels; Oil and Gas Storage and Transportation; Natural Gas Pipelines",Energy,"Oil, Gas and Consumable Fuels",NA,NA,NA,NA,NA,NA,NA,NA,NA,NA,NA,NA,NA,NA,NA,NA,NA,NA,NA,NA,NA,NA,NA,NA,NA
-,"Indiana Bell Telephone Company, Incorporated",,Communication Services; Telecommunication Services; Diversified Telecommunication Services; Integrated Telecommunication Services; Conferencing Services; Video Conferencing; Facsimile Transmission Services; Local Telecommunications Services; Long Distance Telecommunications Services,Communication Services,Diversified Telecommunication Services,NA,NA,NA,NA,NA,NA,NA,NA,NA,NA,NA,NA,NA,NA,NA,NA,NA,NA,NA,NA,NA,NA,NA,NA,NA
-,Pacific Bell Telephone Company,,Communication Services; Telecommunication Services; Diversified Telecommunication Services; Integrated Telecommunication Services,Communication Services,Diversified Telecommunication Services,NA,NA,NA,NA,NA,NA,NA,NA,NA,NA,NA,NA,NA,NA,NA,NA,NA,NA,NA,NA,NA,NA,NA,NA,NA
-,Qwest Corporation,,Communication Services; Telecommunication Services; Diversified Telecommunication Services; Alternative Carriers; Broadband Telecommunications Services; Digital Telecommunications Services; Integrated Services Digital Network Services (ISDN); Point to Point Digital Telecommunications Services,Communication Services,Diversified Telecommunication Services,NA,NA,NA,NA,NA,NA,NA,NA,NA,NA,NA,NA,NA,NA,NA,NA,NA,NA,NA,NA,NA,NA,NA,NA,NA
-,Verizon Maryland Inc.,,Communication Services; Telecommunication Services; Diversified Telecommunication Services; Integrated Telecommunication Services; Local Telecommunications Services; Telephone Answering Services,Communication Services,Diversified Telecommunication Services,NA,NA,NA,NA,NA,NA,NA,NA,NA,NA,NA,NA,NA,NA,NA,NA,NA,NA,NA,NA,NA,NA,NA,NA,NA
-,[Inactive] Verizon New England Inc.,,Communication Services; Telecommunication Services; Diversified Telecommunication Services; Integrated Telecommunication Services,Communication Services,Diversified Telecommunication Services,NA,NA,NA,NA,NA,NA,NA,NA,NA,NA,NA,NA,NA,NA,NA,NA,NA,NA,NA,NA,NA,NA,NA,NA,NA
-,Verizon New Jersey Inc.,,Communication Services; Telecommunication Services; Diversified Telecommunication Services; Integrated Telecommunication Services; Local Telecommunications Services; Long Distance Telecommunications Services,Communication Services,Diversified Telecommunication Services,NA,NA,NA,NA,NA,NA,NA,NA,NA,NA,NA,NA,NA,NA,NA,NA,NA,NA,NA,NA,NA,NA,NA,NA,NA
-,Verizon New York Inc.,,Internet Service Providers (ISP); Communication Services; Telecommunication Services; Diversified Telecommunication Services; Integrated Telecommunication Services; Local Telecommunications Services; Long Distance Telecommunications Services,Communication Services,Diversified Telecommunication Services,NA,NA,NA,NA,NA,NA,NA,NA,NA,NA,NA,NA,NA,NA,NA,NA,NA,NA,NA,NA,NA,NA,NA,NA,NA
-,Verizon Virginia LLC,,Communication Services; Telecommunication Services; Diversified Telecommunication Services; Integrated Telecommunication Services; Local Telecommunications Services,Communication Services,Diversified Telecommunication Services,NA,NA,NA,NA,NA,NA,NA,NA,NA,NA,NA,NA,NA,NA,NA,NA,NA,NA,NA,NA,NA,NA,NA,NA,NA
-,"Wisconsin Bell, Inc.",,Communication Services; Telecommunication Services; Diversified Telecommunication Services; Integrated Telecommunication Services; Local Telecommunications Services,Communication Services,Diversified Telecommunication Services,NA,NA,NA,NA,NA,NA,NA,NA,NA,NA,NA,NA,NA,NA,NA,NA,NA,NA,NA,NA,NA,NA,NA,NA,NA
-,Connecticut Natural Gas Corporation,,Utilities; Utilities; Gas Utilities; Gas Utilities; Oil and Gas Distribution,Utilities,Gas Utilities,NA,NA,NA,NA,NA,NA,NA,NA,NA,NA,NA,NA,NA,NA,NA,NA,NA,NA,NA,NA,NA,NA,NA,NA,NA
-,"NextEra Energy Capital Holdings, Inc.",,Utilities; Utilities; Independent Power and Renewable Electricity Producers; Renewable Electricity; Electric Power By Solar Energy; Electric Power By Wind Energy,Utilities,Independent Power and Renewable Electricity Producers,NA,NA,NA,NA,NA,NA,NA,NA,NA,NA,NA,NA,NA,NA,NA,NA,NA,NA,NA,NA,NA,NA,NA,NA,NA
-,"Time Warner Cable Enterprises, LLC",,Media and Entertainment; Media; Cable and Satellite; Communication Services,Communication Services,Media,NA,NA,NA,NA,NA,NA,NA,NA,NA,NA,NA,NA,NA,NA,NA,NA,NA,NA,NA,NA,NA,NA,NA,NA,NA
-,"Talen Energy Supply, LLC",,Utilities; Utilities; Electric Utilities; Electric Utilities; Electric Power Generation By Fossil Fuels,Utilities,Electric Utilities,NA,NA,NA,NA,NA,NA,NA,NA,NA,NA,NA,NA,NA,NA,NA,NA,NA,NA,NA,NA,NA,NA,NA,NA,NA
-,"MidAmerican Funding, LLC",,Utilities; Utilities; Electric Utilities; Electric Utilities; Electric Power Distribution; Electric Power Generation By Fossil Fuels; Electric Power Generation By Nuclear Fuels; Electric Power Transmission and Control,Utilities,Electric Utilities,NA,NA,NA,NA,NA,NA,NA,NA,NA,NA,NA,NA,NA,NA,NA,NA,NA,NA,NA,NA,NA,NA,NA,NA,NA
-,"iHeartCommunications, Inc.",,Media and Entertainment; Media; Broadcasting; Radio; Radio Broadcasting Stations; Radio Content and Programming; Radio Networks; Communication Services,Communication Services,Media,NA,NA,NA,NA,NA,NA,NA,NA,NA,NA,NA,NA,NA,NA,NA,NA,NA,NA,NA,NA,NA,NA,NA,NA,NA
-,"Qwest Capital Funding, Inc.",,Communication Services; Telecommunication Services; Diversified Telecommunication Services; Integrated Telecommunication Services,Communication Services,Diversified Telecommunication Services,NA,NA,NA,NA,NA,NA,NA,NA,NA,NA,NA,NA,NA,NA,NA,NA,NA,NA,NA,NA,NA,NA,NA,NA,NA
-,"Charter Communications Operating, LLC",,Media and Entertainment; Media; Cable and Satellite; Cable And Other Pay Television; Cable and Other Pay Television Content and Programming; Digital Cable Television; Communication Services,Communication Services,Media,NA,NA,NA,NA,NA,NA,NA,NA,NA,NA,NA,NA,NA,NA,NA,NA,NA,NA,NA,NA,NA,NA,NA,NA,NA
-,Ameritech Capital Funding Corporation,,Communication Services; Telecommunication Services; Diversified Telecommunication Services; Integrated Telecommunication Services,Communication Services,Diversified Telecommunication Services,NA,NA,NA,NA,NA,NA,NA,NA,NA,NA,NA,NA,NA,NA,NA,NA,NA,NA,NA,NA,NA,NA,NA,NA,NA
-,Ford Holdings LLC,,Financials; Financial Services; Consumer Finance; Consumer Finance,Financials,Consumer Finance,NA,NA,NA,NA,NA,NA,NA,NA,NA,NA,NA,NA,NA,NA,NA,NA,NA,NA,NA,NA,NA,NA,NA,NA,NA
-,"Discovery Communications, LLC",,Media and Entertainment; Media; Broadcasting; Television; Television Broadcasting Stations; Communication Services,Communication Services,Media,NA,NA,NA,NA,NA,NA,NA,NA,NA,NA,NA,NA,NA,NA,NA,NA,NA,NA,NA,NA,NA,NA,NA,NA,NA
-,Ladder Capital Finance Holdings LLLP,,Financials; Commercial and Residential Mortgage Finance; Mortgage Bankers and Loan Correspondents; Financial Services; Financial Services,Financials,Financial Services,NA,NA,NA,NA,NA,NA,NA,NA,NA,NA,NA,NA,NA,NA,NA,NA,NA,NA,NA,NA,NA,NA,NA,NA,NA
-,"Pipeline Funding Company, LLC",,Financials; Financial Services; Financial Services; Specialized Finance,Financials,Financial Services,NA,NA,NA,NA,NA,NA,NA,NA,NA,NA,NA,NA,NA,NA,NA,NA,NA,NA,NA,NA,NA,NA,NA,NA,NA
-,Yorkshire Power Finance Limited,,Financials; Financial Services; Financial Services; Specialized Finance,Financials,Financial Services,NA,NA,NA,NA,NA,NA,NA,NA,NA,NA,NA,NA,NA,NA,NA,NA,NA,NA,NA,NA,NA,NA,NA,NA,NA
-,Northrop Grumman Systems Corporation,,Industrials; Capital Goods; Aerospace and Defense; Aerospace and Defense; Aerospace and Defense Maintenance and Services,Industrials,Aerospace and Defense,NA,NA,NA,NA,NA,NA,NA,NA,NA,NA,NA,NA,NA,NA,NA,NA,NA,NA,NA,NA,NA,NA,NA,NA,NA
-,"AEP Transmission Company, LLC",,Utilities; Utilities; Electric Utilities; Electric Utilities; Electric Power Transmission and Control,Utilities,Electric Utilities,NA,NA,NA,NA,NA,NA,NA,NA,NA,NA,NA,NA,NA,NA,NA,NA,NA,NA,NA,NA,NA,NA,NA,NA,NA
-,"Healthcare Realty Holdings, L.P.",,Real Estate; Equity Real Estate Investment Trusts (REITs); Health Care REITs; Health Care REITs,Real Estate,Health Care REITs,NA,NA,NA,NA,NA,NA,NA,NA,NA,NA,NA,NA,NA,NA,NA,NA,NA,NA,NA,NA,NA,NA,NA,NA,NA
-,Verizon Pennsylvania LLC,,Communication Services; Telecommunication Services; Diversified Telecommunication Services; Integrated Telecommunication Services; Local Telecommunications Services,Communication Services,Diversified Telecommunication Services,NA,NA,NA,NA,NA,NA,NA,NA,NA,NA,NA,NA,NA,NA,NA,NA,NA,NA,NA,NA,NA,NA,NA,NA,NA
-,"American Homes 4 Rent, L.P.",,Real Estate; Equity Real Estate Investment Trusts (REITs); Residential REITs; Single-Family Residential REITs,Real Estate,Residential REITs,NA,NA,NA,NA,NA,NA,NA,NA,NA,NA,NA,NA,NA,NA,NA,NA,NA,NA,NA,NA,NA,NA,NA,NA,NA
-,"Global Medical Response, Inc.",,Ambulance Services; Health Care; Health Care Equipment and Services; Health Care Providers and Services; Health Care Services,Health Care,Health Care Providers and Services,NA,NA,NA,NA,NA,NA,NA,NA,NA,NA,NA,NA,NA,NA,NA,NA,NA,NA,NA,NA,NA,NA,NA,NA,NA
-,"Care Capital Properties, LP",,Health Care; Health Care Equipment and Services; Health Care Providers and Services; Health Care Facilities,Health Care,Health Care Providers and Services,NA,NA,NA,NA,NA,NA,NA,NA,NA,NA,NA,NA,NA,NA,NA,NA,NA,NA,NA,NA,NA,NA,NA,NA,NA
-,MGM Growth Properties Operating Partnership LP,,Real Estate; Equity Real Estate Investment Trusts (REITs); Hotel and Resort REITs; Hotel and Resort REITs,Real Estate,Hotel and Resort REITs,NA,NA,NA,NA,NA,NA,NA,NA,NA,NA,NA,NA,NA,NA,NA,NA,NA,NA,NA,NA,NA,NA,NA,NA,NA
-,Invitation Homes Operating Partnership LP,,Real Estate; Equity Real Estate Investment Trusts (REITs); Residential REITs; Single-Family Residential REITs,Real Estate,Residential REITs,NA,NA,NA,NA,NA,NA,NA,NA,NA,NA,NA,NA,NA,NA,NA,NA,NA,NA,NA,NA,NA,NA,NA,NA,NA
-,Dell International L.L.C.,,"Information Technology; Technology Hardware and Equipment; Technology Hardware, Storage and Peripherals; Technology Hardware, Storage and Peripherals; Data Storage; Personal Computers And Accessories; Desktop Computers; Laptop Computers; Monitors; Multimedia Devices; Servers",Information Technology,"Technology Hardware, Storage and Peripherals",NA,NA,NA,NA,NA,NA,NA,NA,NA,NA,NA,NA,NA,NA,NA,NA,NA,NA,NA,NA,NA,NA,NA,NA,NA
-,"Brighthouse Holdings, LLC",,Financials; Insurance; Insurance; Life and Health Insurance; Life Insurance,Financials,Insurance,NA,NA,NA,NA,NA,NA,NA,NA,NA,NA,NA,NA,NA,NA,NA,NA,NA,NA,NA,NA,NA,NA,NA,NA,NA
-,USF&G Capital III,,Financials; Insurance; Insurance; Property and Casualty Insurance,Financials,Insurance,NA,NA,NA,NA,NA,NA,NA,NA,NA,NA,NA,NA,NA,NA,NA,NA,NA,NA,NA,NA,NA,NA,NA,NA,NA
